names,smiles,value
1,C,190.56
2,CC,305.35
3,CCC,369.82
4,CCCC,425.15
5,CCCCC,469.69
6,CCCCCC,507.62
7,CCCCCCC,540.41
8,CCCCCCCC,568.95
9,CCCCCCCCC,594.51
10,CCCCCCCCCC,617.7
11,CCCCCCCCCCC,638.96
12,CCCCCCCCCCCC,658.22
13,CCCCCCCCCCCCC,675.41
14,CCCCCCCCCCCCCC,693.01
15,CCCCCCCCCCCCCCC,707.61
16,CCCCCCCCCCCCCCCC,722.65
17,CCCCCCCCCCCCCCCCC,735.41
18,CCCCCCCCCCCCCCCCCC,747.64
19,CCCCCCCCCCCCCCCCCCC,756.64
20,CCCCCCCCCCCCCCCCCCCC,768.08
21,CC(C)C,407.95
22,CCC(C)C,460.39
23,CC(C)C(C)C,500.05
24,CCCC(C)C,497.63
25,CCC(C)C(C)C,537.37
26,CCC(C)(C)C(C)C,573.5
27,CC(C)CC(C)(C)C,543.89
28,CC=C,365.16
29,CCC=C,419.41
30,C/C=C\C,435.6
31,CCCC=C,464.75
32,CCCCC=C,504.03
33,CCCCCC=C,537.31
34,CCCCCCC=C,566.78
35,CCCCCCCC=C,593.45
36,CCCCCCCCC=C,616.28
37,CC(=C)C,418.07
38,CCC(=C)C,465
39,CC=C(C)C,473.5
40,C=CC=C,425.12
41,CC(=C)C=C,484
42,C#C,308.41
43,CC#C,402.25
44,CC(C)C#C,463.2
45,CCC#CC,519
46,CCCCC#C,516.2
47,CCCC#CC,549
48,CCC#CCC,544
49,CCCCCC#C,559
50,CCCCCCC#C,585
51,C1CCCC1,511.7
52,CC1CCCC1,532.77
53,CCC1CCCC1,569.5
54,C1CCCCC1,553.66
55,CC1CCCCC1,572.18
56,CC1(CCCCC1)C,591.15
57,CCC1CCCCC1,608.55
58,C1CC=CC1,506.58
59,CC1=CCCC1,542
60,C1CCC=CC1,560.43
61,C1=CC=CC=C1,562.11
62,CC1=CC=CC=C1,591.77
63,CC1=CC=CC=C1C,630.29
64,CC1=CC(=CC=C1)C,617.02
65,CC1=CC=C(C=C1)C,616.21
66,CCC1=CC=CC=C1,617.15
67,CCCC1=CC=CC=C1,638.37
68,CC1=CC(=C(C=C1)C)C,649.12
69,CC(C)C1=CC=CC=C1,630.98
70,CC1=CC(=CC(=C1)C)C,637.32
71,CC1=CC=C(C=C1)C(C)C,653.3
72,C1=CC=C2C=CC=CC2=C1,748.4
73,C1=CC=C(C=C1)C2=CC=CC=C2,785.07
74,C=CC1=CC=CC=C1,639.68
75,CO,512.83
76,CCO,513.91
77,CCCO,536.78
78,CCCCO,563.05
79,CC(C)O,508.29
80,CC(C)(C)O,506.39
81,CCCCCO,587.3
82,CC(C)CCO,577.66
83,CCCCCCO,611
84,CCCCCCCO,632.38
85,CC(CO)O,651
86,C1=CC=C(C=C1)O,694.15
87,CC1=CC=CC=C1O,697.38
88,CC1=CC(=CC=C1)O,705.75
89,COC,400.15
90,CCCOC,476.26
91,CC(C)OC,464.47
92,CCCCOC,512.05
93,CC(C)COC,497
94,CCOCC,466.71
95,CCCOCC,500.23
96,CCOC(C)C,489.65
97,COC1=CC=CC=C1,645.77
98,C1=CC=C(C=C1)OC2=CC=CC=C2,768.11
99,C=O,408.02
100,CCCCCC=O,591.48
101,CCCCCCCC=O,638.75
102,CCCCCCCCCC=O,674.12
103,CC(=O)C,508.15
104,CCC(=O)C,535.87
105,CCCC(=O)C,561.31
106,CC(C)C(=O)C,553.2
107,CCCCC(=O)C,587.06
108,CC(C)CC(=O)C,573.09
109,CCC(=O)CC,561.11
110,CCC(=O)C(C)C,567
111,CC(C)C(=O)C(C)C,576
112,CC(=O)C1=CC=CC=C1,708.3
113,C(=O)O,586.01
114,CC(=O)O,592.31
115,CCC(=O)O,601.53
116,CC(C)C(=O)O,606.24
117,C1=CC=C(C=C1)C(=O)O,751.5
118,COC=O,488.35
119,CC(=O)OC,506.63
120,CCC(=O)OC,530.59
121,CCCC(=O)OC,553.92
122,CCOC=O,508.45
123,CCOC(=O)C,523.25
124,CCC(=O)OCC,546.21
125,CCCC(=O)OCC,568.81
126,CCCOC=O,537.74
127,CCCOC(=O)C,549.66
128,CCCCOC(=O)C,576.5
129,COC(=O)C1=CC=CC=C1,696.02
130,CCOC(=O)C1=CC=CC=C1,697.67
131,CC(=O)OC=C,520.32
132,CN,430.33
133,CNC,437.32
134,CN(C)C,433.11
135,CCN,456.23
136,CCNCC,497.19
137,CCN(CC)CC,535.33
138,CCCN,497.4
139,CCCNCCC,552.32
140,CC(C)N,471.91
141,C1=CC=C(C=C1)N,700.01
142,CNC1=CC=CC=C1,701.52
143,CN(C)C1=CC=CC=C1,687.3
144,C1CO1,468.86
145,C1=COC=C1,489.96
146,C1=CSC=C1,579.41
147,C1=CC=NC=C1,619.98
148,C(=O)N,771
149,CN(C)C=O,649.6
150,CC(=O)N,761
151,CC(=O)NC,718
152,CC#N,545.51
153,CCC#N,563.05
154,CCCC#N,582.91
155,C1=CC=C(C=C1)C#N,697.69
156,CS,469.94
157,CCS,499
158,CCCS,536.48
159,CCCCS,569.99
160,CC(C)CS,559.25
161,CSC,503.02
162,CCSC,537
163,CCSCC,557.16
164,CF,317.48
165,CCl,416.26
166,C(Cl)(Cl)Cl,536.33
167,C(Cl)(Cl)(Cl)Cl,556.47
168,CCF,375.29
169,CCBr,503.84
170,CCCCl,503.16
171,CC(C)Cl,485.47
172,CCC(Cl)Cl,560
173,CC(CCl)Cl,576
174,C=CCl,429.68
175,C1=CC=C(C=C1)F,560.07
176,C1=CC=C(C=C1)Cl,632.58
177,C1=CC=C(C=C1)Br,670.12
178,[HH],33.13
179,[N]=O,180.11
180,FF,144.19
181,BrBr,585.11
182,C(F)(F)F,299.35
183,C(F)(F)(F)F,227.54
184,C(Cl)Cl,509.41
185,C(Br)Br,597.02
186,C(Br)(Br)Br,689.02
187,C(F)(F)Cl,369.29
188,C(F)(Cl)Cl,451.6
189,C(F)(F)(F)Cl,301.99
190,C(F)(F)(Cl)Cl,381.7
191,C(F)(Cl)(Cl)Cl,471.14
192,CC(Cl)Cl,523.21
193,C(CCl)Cl,561.67
194,C(CBr)Br,650.17
195,CC(F)(F)F,345.9
196,CC(Cl)(Cl)Cl,545.02
197,C(C(Cl)Cl)(Cl)Cl,644.77
198,C(C(F)(Cl)Cl)(F)(Cl)Cl,551.05
199,C(C(F)(Cl)Cl)(F)(F)Cl,487.3
200,C(C(F)(F)Cl)(F)(F)Cl,418.83
201,CCCCCCl,569.25
202,C(=C(F)Cl)(F)F,379.15
203,C=C(Cl)Cl,482.05
204,C(=C(Cl)Cl)Cl,571.05
205,C(=C(Cl)Cl)(Cl)Cl,620.02
206,C1=CC=C(C=C1)I,721.17
207,CC1=CC(=CC=C1)Cl,660.75
208,C1=CC=C(C=C1)CCl,686.05
209,CC(C)(C)C,433.76
210,CCC(C)(C)C,489.03
211,CCC=C=C,500.05
212,CC=C=CC,497
213,C1CCC1,459.95
214,CCCC1CCCC1,599.5
215,CCCCC1CCCC1,626
216,CCCCCC1CCCC1,656.2
217,CCCCCCC1CCCC1,660.1
218,CCCC1CCCCC1,636.33
219,CCCCC1CCCCC1,660.05
220,CCCCCC1CCCCC1,667.85
221,CCCCCCC1CCCCC1,693.6
222,CCCCC1=CC=CC=C1,660.5
223,CCCCCC1=CC=CC=C1,679.9
224,CCCCCCC1=CC=CC=C1,698
225,CC1=C(C(=C(C=C1)C)C)C,693
226,CC1=CC(=C(C(=C1)C)C)C,679
227,CC1=CC(=C(C=C1C)C)C,675.96
228,CC1=C(C(=C(C(=C1C)C)C)C)C,758
229,C1=CC=C(C=C1)C(C2=CC=CC=C2)C3=CC=CC=C3,865
230,C1=CC=C(C=C1)C(C2=CC=CC=C2)(C3=CC=CC=C3)C4=CC=CC=C4,983
231,CC1=CC2=CC=CC=C2C=C1,761.25
232,CCC1=CC=CC2=CC=CC=C21,776
233,CCC1=CC2=CC=CC=C2C=C1,771
234,CCCCCCCCO,652.52
235,CC(C)CO,547.78
236,C(C(CO)O)O,825.21
237,CCCCCC(=O)O,660.99
238,CCC(=O)OC(=O)CC,623
239,C(C(=O)O)Cl,686.05
240,C(C(=O)O)(Cl)Cl,686.05
241,C(=O)(C(Cl)(Cl)Cl)O,688.05
242,CCCC(=O)CCC,602
243,C1=CC=C(C=C1)C(=O)C2=CC=CC=C2,830.01
244,CCCOCCC,530.68
245,C1COCCO1,587.1
246,CC1OC(OC(O1)C)C,579.05
247,C1=COC(=C1)C=O,670.12
248,C1=CC=C(C(=C1)C=O)O,680
249,CCCOC(=O)CC,569.51
250,COC(=O)C1=CC=CC=C1O,709
251,C1CCNCC1,594.05
252,CCN(CC)C1=CC=CC=C1,702
253,C1=CC=C(C=C1)NN,761
254,C[N+](=O)[O-],588.07
255,C1=CC=C(C=C1)[N+](=O)[O-],719.05
256,CC1=CC=CC=C1[N+](=O)[O-],720.05
257,CC1=CC(=CC=C1)[N+](=O)[O-],734.05
258,CC1=CC=C(C=C1)[N+](=O)[O-],743.05
259,C(F)(F)(Cl)Br,427.07
260,C(F)(F)(F)Br,340.12
261,C(F)(F)Br,411.99
262,CI,528
263,C(C(F)(F)Br)(F)(F)Br,487.8
264,C(C(F)(F)Cl)(F)(F)F,353.09
265,C(C(F)(Cl)Cl)(F)(F)F,418.6
266,C(C(Cl)(Cl)Cl)(F)(F)F,482.9
267,C(=O)(C(Cl)(Cl)Cl)Cl,604
268,C(=C(F)F)(F)F,306.95
269,C(C(F)(F)F)(F)(F)F,292.86
270,C(C(F)(F)F)(Cl)Br,496.3
271,C(=C(F)F)Cl,400.53
272,C(C(F)(F)Cl)(F)F,400
273,C(C(F)(F)F)(F)Cl,395.48
274,C(C(F)(F)Cl)(F)Cl,461.6
275,C(C(F)(F)F)(Cl)Cl,456.88
276,C(C(F)(F)F)(F)F,339.2
277,C(C(F)(F)F)Cl,425
278,C(=C\Cl)\Cl,539.9
279,C(=C/Cl)\Cl,516
280,C=C(F)F,302.9
281,C(C(F)(F)F)F,374.19
282,C(C(F)F)(F)F,391.77
283,C(OC(F)F)(F)F,420.34
284,CC(F)(F)Cl,410.3
285,CC(F)(Cl)Cl,477.85
286,C(C(Cl)Cl)Cl,602
287,C=CF,327.8
288,C(C(F)F)F,445.7
289,CSSC,611.12
290,C(C(F)(F)F)(C(F)(F)Cl)(F)Cl,448.9
291,C(=C(F)F)(C(F)(F)F)F,359
292,C(=O)(C(F)(F)F)C(F)(F)F,357.16
293,C(C(F)(F)F)(C(F)(F)F)F,374.89
294,C(C(F)F)(C(F)(F)F)F,412.38
295,C=CC(F)(F)F,378.59
296,CC(C(F)(F)F)(F)F,380.1
297,C(C(C(F)F)(F)F)F,447.57
298,C=CC#N,538.67
299,C1=CON=C1,590
300,CC(C(F)F)(F)F,419
301,C=CC=O,506
302,C=CC(=O)O,616.57
303,C=CCBr,544.4
304,C=CCCl,514.08
305,C=CCO,543.25
306,CC1CO1,484.45
307,COC(=O)OC,557
308,CC(C)Br,532
309,C=CCN,540
310,COCCO,591.15
311,COCOC,484.45
312,CC(C)S,517.3
313,CNCCO,630
314,C1(C(C(C1(F)F)(F)F)(F)F)(F)F,388.4
315,C(C(C(F)(F)F)(F)F)(C(F)(F)F)(F)F,386.33
316,C(C(F)(F)F)(C(F)(F)F)(C(F)(F)F)F,395.4
317,C=CCC#N,585
318,C1CC(=O)OC1,731
319,C/C=C\C(=O)O,644.6
320,C=CCC(=O)O,644.6
321,CC(=C)C(=O)O,638.4
322,COC(=O)C=C,536
323,C(CC(=O)O)C(=O)O,851
324,CCOC=C,475.04
325,CC(C)C=O,513
326,C1CCOC1,540.17
327,CCSC(=O)C,590.53
328,CC(C)OC=O,534.6
329,C1CCSC1,631.98
330,CC(C)CBr,567.2
331,CC(C)(C)Cl,502.4
332,C1COCCN1,618
333,C1CNCCN1,660.5
334,CC[C@@H](C)O,538.22
335,COCCOC,537.14
336,CC(COC)O,579.8
337,C(COCCO)O,724.36
338,CCCSC,574.1
339,CC(C)SC,549.5
340,CCSSCC,642
341,CC(C)CN,516.9
342,CC(C)(C)N,483.83
343,CC(C)NC,490.7
344,NCCOCCO,721
345,C(CNCCO)N,739
346,CC1=CC=CO1,527.67
347,CC1=CC=CS1,606.2
348,CC1=CSC=C1,610.8
349,C1CC12CC2,506.4
350,CCOC(=O)C=C,552
351,CCC(=C)C(=O)O,653.93
352,C/C=C(/C)\C(=O)O,661.14
353,CC(=CC(=O)O)C,661.84
354,CC/C=C\C(=O)O,655.46
355,C=CCCC(=O)O,659.75
356,CCCCC#N,610.3
357,CN1CCCC1=O,721.68
358,CC(C)C=C,452.02
359,CC1CCCO1,537
360,CCOCC=C,518
361,CC(C)CC(=O)O,629.84
362,CCCCOC=O,565.6
363,CC(C)COC=O,551.25
364,CC(C)C(=O)OC,541.23
365,C1CCC(C1)S,631.25
366,CC(C)CCCl,560
367,CCC(C)(C)Cl,509.1
368,CN1CCCC1,548.6
369,CCCC(C)O,560.35
370,CCC(C)(C)O,544.26
371,CC(C)(CO)CO,687
372,CCOCOCC,532
373,COCCOCCO,672
374,CCCCCS,597.7
375,CCCC(C)S,580
376,CCC(C)CS,591.9
377,CC(C)CCS,594
378,CCC(C)(C)S,570.1
379,CC(C)(C)SC,569.8
380,CCNC(C)C,508
381,CN(CCO)CCO,742
382,C1(=C(C(=C(C(=C1F)F)F)F)F)F,516.61
383,C1=CC(=CC(=C1)Cl)Cl,684.55
384,C1=CC(=CC=C1Cl)Cl,679.58
385,C1=CC(=CC(=C1)F)F,548.4
386,C1=CC=C(C(=C1)F)F,561.65
387,C1=CC(=CC=C1F)F,556.9
388,C1=CC=C(C=C1)S,689.5
389,CC1=CC=NC=C1,646.08
390,CC(=CC(=O)C)C,605
391,CC(=O)CCC=C,593.5
392,C/C=C/C(=O)OCC,599
393,CC(OC(=O)C)OC(=O)C,618
394,COC(=O)CCC(=O)OC,662
395,CCC/C=C/C,509
396,CC/C=C\CC,510
397,CC/C=C/CC,502.25
398,CCCC(=C)C,521
399,CC(C)CC=C,494.05
400,C/C=C\C(C)C,496.3
401,CCC=C(C)C,513.65
402,CC(=C(C)C)C,522.5
403,CC(C)(C)C=C,477.4
404,CCCCOC=C,540.25
405,CCCC(=O)CC,582.95
406,CCCCCOC=O,575.93
407,CC(=O)OC(C)(C)C,541
408,CCC(=O)OC(C)C,553
409,CCOC(=O)C(C)C,553.44
410,CCCCC(=O)OC,575.35
411,CCOCCOC(=O)C,608.39
412,CC(COC)OC(=O)C,597.93
413,C1CCC(CC1)S,674
414,CCCCCCCl,596.8
415,CCC(C)(CC)Cl,528
416,CCCCC(C)O,583.17
417,CCCC(CC)O,582.41
418,CCCC(C)CO,604.4
419,CCCC(C)(C)O,559.5
420,CCC(C(C)C)O,576
421,CCC(C)(CC)O,575.6
422,CC(C)OC(C)C,500.08
423,CCCCCOC,546.51
424,CCC(C)(C)OC,536
425,CCCCOCC,531
426,CCOC(C)(C)C,509
427,CCOC(C)OCC,537.68
428,CCCCOCCO,633.9
429,CCCOCC(C)O,605
430,CCOCCOCCO,670
431,C(COCCOCCO)O,766.5
432,CCCCNCC,547.1
433,C1=CC=C(C=C1)C(F)(F)F,559.9
434,CC1=CC=C(C=C1)F,590.8
435,CC1=CC=CC=C1F,591.2
436,CC1=CC(=CC=C1)F,591.8
437,C1C=CC=CC=C1,593.9
438,CSC1=CC=CC=C1,706
439,CC1=CC(=CC=C1)N,709.08
440,CC1=C(N=CC=C1)C,655.44
441,CC1=CC(=NC=C1)C,647.06
442,CC1=CN=C(C=C1)C,644.19
443,CC1=NC(=CC=C1)C,623.77
444,CC1=C(C=NC=C1)C,683.78
445,CC1=CC(=CN=C1)C,667.24
446,C[C@@H]1CC[C@@H](C1)C,551.45
447,CCCC/C=C\C,548.5
448,CCCCC(=C)C,542
449,CC(C)CCC=C,528.7
450,CCC(C)C(=C)C,534
451,CC(C)(C)CC=C,516
452,CCCCCC(=O)C,611.42
453,CCCCC(=O)CC,606.6
454,CC(C)CCC(=O)C,604
455,CCCC(=O)C(C)C,593
456,CCCCCCC(=O)O,678.47
457,CCCCCCOC=O,614
458,CCCCCOC(=O)C,599.95
459,CC(C)CCOC(=O)C,588.31
460,CCCCOC(=O)CC,594.4
461,CCC(=O)OCC(C)C,587.46
462,CCCC(=O)OCCC,594.01
463,CCCOC(=O)C(C)C,581.27
464,CCOC(=O)CC(C)C,584.89
465,CCOC(=O)C(C)(C)C,566
466,CCCCC(=O)OCC,587.38
467,CCCCCC(=O)OC,612
468,CCOCCC(=O)OCC,620.62
469,CCCCCCCCl,614
470,CCCCC(C)C,530.39
471,CCC(CC)CC,540.64
472,CCCC(C)(C)C,520.57
473,CC(C)CC(C)C,520.06
474,CCC(C)(C)CC,536.38
475,CC(C)C(C)(C)C,531.22
476,CCCCC(CC)O,605.37
477,CCCC(CCC)O,602.6
478,CCC(C)(C)OCC,546
479,CCCCOCC(C)O,625
480,CCCCCC(C)N,598
481,CCCCCCNC,592
482,C1=CC=C2C(=C1)C(=O)OC2=O,810
483,CC1=CC=C(C=C1)C=O,712
484,C1C2=CC=CC=C2CO1,700
485,CC1=CC=CC=C1C(=O)O,763
486,CCOC1=CC=CC=C1,647.06
487,C1=CC=C(C=C1)CCO,724
488,CC(C1=CC=CC=C1)O,699
489,CCC1=CC=C(C=C1)O,716.42
490,CC1=C(C(=CC=C1)C)O,701.08
491,CCNC1=CC=CC=C1,699.27
492,CCOC(=O)CCC(=O)OCC,663.33
493,CCCCCCCC#N,674.4
494,CCC1(CCCC1)C,592
495,C[C@@H]1CCCC[C@@H]1C,606.08
496,C[C@@H]1CCC[C@@H](C1)C,589.95
497,C1CCCCCCC1,649.45
498,CCCCC/C=C/C,580
499,CCC/C=C/CCC,566.3
500,CCCCCC(=C)C,567.5
501,CCCCC=C(C)C,569
502,CCCCCCC(=O)C,632.7
503,CCCCC(=O)C(C)C,615
504,CCC(C)CC(=O)CC,619
505,CCCCCC(=O)CC,627.7
506,CCCCC(=O)CCC,623.8
507,CCCCCCCC(=O)O,694.33
508,CCC(=O)OCCC(C)C,611.13
509,CCCCOC(=O)CCC,612.05
510,CCCC(=O)OCC(C)C,611.13
511,CC(C)COC(=O)C(C)C,601.97
512,CCCCCCC(=O)OC,628
513,CCCCOCCOC(=O)C,640.63
514,CCOCCOCCOC(=O)C,666.5
515,CCCCC(C)CC,563.67
516,CCC(C)(CC)CC,576.5
517,CCC(CC)C(C)C,567.05
518,CCCCC(C)(C)C,549.83
519,CCCC(C)C(C)C,563.48
520,CCC(C)CC(C)C,552.94
521,CC(C)CCC(C)C,549.5
522,CCCC(C)(C)CC,561.99
523,CCC(C)C(C)CC,568.8
524,CCC(C)C(C)(C)C,563.49
525,CC(C)C(C)C(C)C,566.38
526,CCCC(C)C(CC)O,623.5
527,CCC(C)CC(CC)O,621.2
528,CCCCC(CC)CO,640.43
529,CC(C)(C)OC(C)(C)C,552.5
530,CCOCCOCCOCC,612
531,CCCCOCCOCCO,692.2
532,CCCCSCCCC,650
533,CCCCCCCCN,641
534,C1=CC=C2C=NC=CC2=C1,803.1
535,C1CC2=CC=CC=C2C1,684.87
536,CCC1=CC=CC=C1C,651
537,CCC1=CC=C(C=C1)C,640.2
538,C=CC1CC2CC1C=C2,620
539,C1=CC=C(C=C1)CCCO,732
540,CC1=CC=CC=C1N(C)C,667.95
541,CC(C)C1CCCCC1,632.2
542,CCCCCCC(=O)CC,648.05
543,CCCCCC(=O)CCC,643.7
544,CCCCC(=O)CCCC,640.7
545,CCCCCCCCC(=O)O,711.16
546,CCCCCCCCOC=O,654
547,CCCCCCC(=O)OCC,634.15
548,CCCCCCCC(=O)OC,646
549,CCCCCCC(C)C,583.86
550,CCCCCC(C)(C)C,576.7
551,CC(C)CCC(C)(C)C,569.88
552,CCC(C)(C)C(C)(C)C,607.51
553,CC(C)C(C)C(C)(C)C,592.61
554,CC(C)(C)CC(C)(C)C,574.61
555,CC(C)C(C)(C)C(C)C,607.51
556,CCCCCCCCCO,670.65
557,CCCCCC(CCC)O,645.1
558,CCCN(CCC)CCC,607.7
559,CC1=C2C(=CC=C1)C=CC=N2,787
560,COC(=O)C1=CC=CC=C1C(=O)OC,772
561,COC(=O)C1=CC(=CC=C1)C(=O)OC,766
562,C1CCC2=CC=CC=C2C1,720.22
563,CCCOC(=O)C1=CC=CC=C1,710
564,CC(C)CC1=CC=CC=C1,650.68
565,CC(C)(C)C1=CC=CC=C1,654
566,CCC1=CC=C(C=C1)CC,657.9
567,CC(C)(C)C1=CC(=C(C=C1)O)O,775
568,CCCCNC1=CC=CC=C1,721
569,C=C(C)[C@H]1CC=C(C)CC1,653
570,CC(C)(C)C1CCCCC1,655.5
571,CC(C)CC1CCCCC1,642.1
572,C1CCCCCCCCC1,709
573,CCCCCCCCC(=O)C,671.8
574,CCCCCCCC(=O)CC,667.8
575,CCCCCCC(=O)CCC,662.9
576,CCCCCC(=O)CCCC,661
577,CCCCC(CC)COC(=O)C,642.2
578,CCCCCCCC(=O)OCC,651.62
579,CCCCCCCCC(=O)OC,665
580,CCCCCCCC(C)C,610.7
581,CCCCCCC(C)CC,613.6
582,CCCCC(C)CCCC,609.8
583,CCCC(C)(C)C(C)(C)C,623.01
584,CC(C)(C)CCC(C)(C)C,581.41
585,CCCCCCCC(CC)O,666.09
586,CCCCCCC(CCC)O,658.75
587,CCCCCC(CCCC)O,663.17
588,C(CCCCCO)CCCCO,770
589,CCCCCCCCSCC,700
590,CC(C)CCSCCC(C)C,664
591,CC1=CC2=C(C=C1)N=C(C=C2)C,786
592,CCCCCCCCCC=C,637
593,CCCCCCCCCC(=O)C,687.9
594,CCCCCCCCC(=O)CC,684.8
595,CCCCCCCC(=O)CCC,680.95
596,CCCCCCC(=O)CCCC,679.2
597,CCCCCC(=O)CCCCC,678.25
598,CCCCCCCCCCC(=O)O,729.63
599,CCCCCCCCC(=O)OCC,666.46
600,CCCCCCCCCC(=O)OC,675
601,C1=CC2=C3C(=C1)C=CC3=CC=C2,792
602,C1=CC=C2C(=C1)C3=CC=CC=C3O2,824
603,C1=CC=C2C(=C1)C3=CC=CC=C3S2,897
604,C1CC2=CC=CC3=C2C1=CC=C3,820
605,CC1=CC2=CC=CC=C2C(=C1)C,772
606,CC1=CC=C(C2=CC=CC=C12)C,778
607,CC1=C2C(=CC=CC2=CC=C1)C,792
608,CC1=CC2=C(C=C1)C=CC(=C2)C,775
609,CCC1=CC(=CC(=C1)CC)CC,679
610,CC12CC3CC(C1)CC(C3)(C2)C,708
611,C1CCC(CC1)SC2CCCCC2,770
612,CCCCCCCC1CCCC1,679
613,CCCCCCCCCCC=C,657.55
614,CCCCCCCCCCC(=O)C,702.03
615,CCCCCCC(=O)CCCCC,694.1
616,CCCCCCCCCC(=O)CC,700.85
617,CCCCCCCC(=O)CCCC,695.1
618,CCCCCCCCC(=O)CCC,696.8
619,CCCCCCCCCCCC(=O)O,743.21
620,CCCCCCCCCCCCO,709.3
621,CCCCCCOCCCCCC,657
622,CCCCN(CCCC)CCCC,643
623,CCCCCCCC1=CC=CC=C1,708
624,CCCCCCCCCCCC=C,673
625,CCCCCCCCCCCC(=O)C,717
626,CCCCCCCCCCC(=O)CC,716.05
627,CCCCCCC(=O)CCCCCC,708.1
628,CCCCCCCCCCCCC(=O)O,754.01
629,CCCCCCCCCCCCCO,732
630,C1=CC=C2C=C3C=CC=CC3=CC2=C1,878.77
631,C1=CC=C2C(=C1)C=CC3=CC=CC=C32,876.04
632,CCCOC(=O)C1=CC=CC=C1C(=O)OCCC,784
633,CCCCCCCCC1=CC=CC=C1,725
634,CC(C)(C)C1=CC=C(C=C1)C(C)(C)C,708
635,CCCCCCCCCCCCC(=O)C,727.9
636,CCCCCCCCCCCC(=O)CC,726.93
637,CCCCCCCCCCCCCC(=O)O,764.1
638,CC1=CC(=CC(=C1)C(C)(C)C)C(C)(C)C,695.5
639,CCCCCCCCCCCCCC=C,704
640,CCCCCCCCCCCCCC(=O)OC,730
641,CCCCOC(=O)C1=CC=CC=C1C(=O)OCCCC,797
642,CCCCCCCCCCC1=CC=CC=C1,752
643,CC(CC(C)(C)C)CC(C)(C)CC(C)(C)C,692
644,CCCCCCCCOCCCCCCCC,723
645,CCCCCCCCCCCCCCCC(=O)OC,760
646,CCCCCCCCCCCCCCCCCO,736
647,CC(C)C1=CC(=C(C=C1C(C)C)C(C)C)C(C)C,703
648,CC(C)(C)C1=CC(=CC(=C1)C(C)(C)C)C(C)(C)C,700.5
649,CCCCCCCCCCCCCCC1CCCC1,772
650,CCCCCCCCCCCCCCCCCC=C,755
651,CCCCCCCCCCCCCCCCCC(=O)OC,785
652,CCCCCCOC(=O)C1=CC=CC=C1C(=O)OCCCCCC,817
653,CCCCCCCCCCCCCCCCC1CCCC1,791
654,CCCCCCCCCCCCCCCCCCCCC,777.9
655,CCCCCCCCCCCCCCCCCCCCCC,782.12
656,CCCCCCCCCCCCCCCCCCCCCCC,789.92
657,CCCCCCCCCCCCCCCCCCCCCCCC,799.95
658,CCCCCCCCCCCCCCCCCCCCCCCCCCCC,824
659,CCCCCCCCCCCCCCCCCCCCCCCCCCCCCCCCCCCCCCCCCCCC,919
660,CCCCCCCCCCCCCCCCCCCCCCCCCCCCCCCCCCCCCCCCCCCCCCCCCCCCCCCCCCCC,974
661,[N-]=[N+]=O,309.56
662,O=C=O,304.19
663,OO,729.08
664,O=C=S,378.79
665,FN(F)N(F)F,309.38
666,FC1CCCCC1,667.93
667,FC(F)(F)C(F)(F)C(F)(F)C(F)(F)C(F)(F)C(F)(F)F,450.09
668,FC(F)(F)C(F)(F)C(F)(F)C(F)(F)C(F)(F)C(F)(F)C(F)(F)F,475.75
669,ClC(Cl)=C(Cl)C(Cl)(Cl)Cl,680
670,FC(F)OC(Cl)C(F)(F)F,467.8
671,FC(F)OC(F)(F)C(F)Cl,474.83
672,C1CCOCC1,572.1
673,C1=COCCC1,561.35
674,O=C(/C=C(\O)C(F)(F)F)C(F)(F)F,485.1
675,N,405.56
676,O,647.12
677,OC1CCCC1,619.38
678,OCC(F)(F)F,498.57
679,CCCOCCOCCO,681.13
680,Fc1ccc(F)c(F)c1F,550.82
681,Fc1cc(F)c(F)c(F)c1,535.23
682,Fc1cc(F)c(F)cc1F,543.33
683,Fc1cc(F)c(F)c(F)c1F,531.13
684,Fc1c(F)c(F)c(C(F)(F)F)c(F)c1F,534.42
685,Cc1c(F)c(F)c(F)c(F)c1F,562.03
686,Oc1c(F)c(F)c(F)c(F)c1F,607
687,C(=S)=S,552.01
688,F,461.11
689,Cl,324.66
690,C#N,456.66
691,O=S=O,430.74
692,O=S(=O)=O,490.89
693,C(#N)Cl,449.05
694,C(=O)(Cl)Cl,455.02
695,O=S(=O)(Cl)Cl,545.05
696,[2H][2H],38.28
697,[2H]O[2H],643.94
698,[N+](=O)([O-])F,349.5
699,FOF,215
700,N(=O)Cl,440
701,N(F)(F)F,234
702,FP(F)F,271.2
703,FS(F)(F)F,364.05
704,C1COC1,507.9
705,CCCC(C)CCC,561.72
706,CCCC(CC)CC,565.48
707,CCCCOC(=O)C1=CC=CC=C1,724
708,CCCCCCCCCCCCC=C,689
709,CCCCCCCCCCCCCCC=C,717
710,CCCCCCCCCCCCCCCCC=C,743.5
711,N(F)F,403
712,N(=N\F)\F,272
713,C/C=C/C,428.62
714,CCC(C)O,536.59
715,CCC(C)CO,571.7
716,CCC(C)C(=O)C,572.45
717,CCC(C)S,554
718,C/C=C/C=C,500.05
719,CC1=C(C(=CC=C1)C)C,664.53
720,CC1=CC=CC2=CC=CC=C12,771.75
721,CCC(C)Cl,519.93
722,CCC(CO)O,680
723,CCC(C)N,512.67
724,CC\\C=C/C,475.28
725,CCC(C)C=O,532
726,CC(C)C(C)O,556.1
727,CC1=CC=CC=N1,621.35
728,CC(=O)C(C)(C)C,566.9
729,CCCC/C=C/C,542.8
730,CCCCCC(C)O,608.66
731,CC1=C(C(=CC=C1)O)C,722.93
732,CCCCCCC(C)O,633.3
733,CCCCCC(CC)O,628.44
734,CCCCC(CCC)O,625.1
735,CC(=C)C1=CC=CC=C1,645
736,CC1CC(CC(C1)C)C,602.13
737,CCCCCCCC(C)O,649.45
738,CCCCCCC(CC)O,648
739,CCC(C)C1=CC=CC=C1,660.45
740,CC1=CC(=C(C=C1)C(C)C)O,698.1
741,C1CCC2CCCCC2C1,687.12
742,CCCCCCCCCC(=O)O,723.12
743,CCCCCCCCCCO,688.1
744,CCCCCCCCC(C)O,668.73
745,CCCCCCCCCCCO,703.3
746,S,373.34
747,C=C,282.34
748,CC=C=C,449.23
749,CC#CC,478.37
750,CCCC#C,487.35
751,C=CC#C,454.5
752,C1=CC=C(C=C1)C2=CC(=CC=C2)C3=CC=CC=C3,896.95
753,C1CCC(CC1)O,644.45
754,C(CO)O,731.08
755,CC1=CC=C(C=C1)O,704.16
756,CCOC,438.09
757,CC(C)(C)OC,497.02
758,CC=O,464.12
759,CCC=O,502.12
760,CCCC=O,534.51
761,CCCCC=O,564.08
762,CCCCCCC=O,616.83
763,CCCCCCCCC=O,658.17
764,C1CCC(=O)CC1,629.76
765,CCCC(=O)O,620.48
766,CC(=O)OC(=O)C,596.76
767,CC(C)NC(C)C,522.99
768,CBr,466.26
769,CCCl,460.35
770,N#N,126.31
771,O=O,154.63
772,ClCl,417.02
773,II,819.1
774,[N+](=O)([N+](=O)[O-])[O-],431.12
775,[C-]#[O+],132.91
776,C(=C=O)=C=O,427.58
777,C(F)F,351.37
778,C(Br)(Br)(Br)Br,724.8
779,C(C(Cl)(Cl)Cl)(Cl)Cl,646
780,C(C(Cl)(Cl)Cl)(Cl)(Cl)Cl,695.05
781,CCCCCl,541.07
782,CCC(C)CC,504.55
783,C=C=C,393.63
784,C=CCC=C,478.5
785,CCC#C,451.83
786,C1CC1,398.07
787,CC1=CC(=C(C(=C1C)C)C)C,719.17
788,C1=CC=C(C=C1)CC2=CC=CC=C2,765.33
789,C(CO)CO,722.01
790,C1=CC=C(C=C1)CO,705.77
791,CCCCC(=O)O,640.8
792,C=C=O,375.02
793,C1=CC=C(C=C1)C=O,688.77
794,CCCCN,529.29
795,C1=CC=C(C=C1)NC2=CC=CC=C2,817
796,C(F)(F)(Br)Br,471
797,C(=O)(C(F)(F)F)O,491.25
798,CN=C=O,491
799,C(CO)N,673.3
800,C(CN)N,606.4
801,C(C(F)(F)F)(C(F)(F)F)(F)F,345.05
802,C1=COC=N1,551
803,C=COC=O,475
804,C(CCl)CCl,615
805,COC=C,436
806,CCCBr,538.81
807,C1=CN=CC=N1,627
808,C1=CNC=C1,638.53
809,CC1COC(=O)O1,763
810,C1CCS(=O)(=O)C1,855
811,CCCCBr,577.5
812,C1CCNC1,568.58
813,C(CCO)CO,726
814,C(CCN)CN,651
815,C(CNCCN)N,693.5
816,C/C=C\CC(=O)O,646.87
817,C1COCCN1C=O,779
818,CC(C)OC(=O)C,531.53
819,C1CCSCC1,684
820,CCC(CC)O,559.6
821,C(CCO)CCO,731
822,C1=CC=C(C(=C1)Cl)Cl,729
823,C1=CC(=CC(=C1)O)O,836
824,C=CCCC=C,507
825,CCOC(=O)C(=O)OCC,625
826,CC(C)COC(=O)C,561.89
827,C(CCCO)CCO,700
828,CCOCCOCC,542
829,C1=CC=C(C=C1)N=C=O,663
830,CC1=CC=C(C=C1)Cl,615.9
831,CC1=CC=CC=C1N,703.66
832,CC1=CC=C(C=C1)N,672.26
833,C1CC2CC1C=C2,590
834,CCCCOC(=O)C=C,620.7
835,C(CCC(=O)O)CCC(=O)O,842
836,C1CCCCCC1,604.2
837,CCCC(C)CC,535.25
838,CCC1=CC=CC=C1O,702.99
839,CCC1=CC(=CC=C1)O,716.92
840,CC1=CC(=C(C=C1)O)C,707.7
841,CC1=CC(=C(C=C1)C)O,708.98
842,CC1=C(C=C(C=C1)O)C,734.86
843,CC1=CC(=CC(=C1)O)C,722.02
844,CC(C)C1CCCC1,601
845,CCCCC(CC)C(=O)O,673.87
846,CCCOC(=O)CC(C)C,609.03
847,CCCCOCCCC,583.58
848,C(COCCOCCOCCO)O,790.5
849,CCCCNCCCC,601.86
850,C1=CC=C2C(=C1)C=CC=N2,784.52
851,CCCCCCCC(=O)C,652.27
852,CCCC(=O)OCCC(C)C,618.94
853,CC(C)CC(=O)OCC(C)C,621.13
854,CC1=NC2=CC=CC=C2C=C1,778
855,CC1=CC[C@H]2C[C@@H]1C2(C)C,644
856,CCCCOCCOCCOC(=O)C,687.5
857,CCC(C)CC(C)(C)CC,609.51
858,CCCCCCC(C)CCC,626.7
859,CCCCCCCCCCC(=O)OC,694
860,CCCCCCCCCCCC(=O)OC,712.05
861,CCCCCCCCCCCCCCC(=O)O,776.21
862,CCCCCCCCCCCCCCCC(=O)O,785.11
863,CCCCCCCCSCCCCCCCC,780
864,CCCCCCCCCCCCCCCCC(=O)O,793.54
865,C1=CC=C(C=C1)C2=CC=CC=C2C3=CC=CC=C3,868.33
866,C1=CC=C(C=C1)C2=CC=C(C=C2)C3=CC=CC=C3,911.66
867,CCCCCCCCCCCCCCCCCC(=O)O,804.05
868,CCCCCCCCCCCCCCCCCCCC(=O)O,820
869,CCCCCCCCCCCCCCCCCCCCO,808
870,CCCCCCCCOC(=O)C1=CC=CC=C1C(=O)OCCCCCCCC,840
871,CCCCCCCCCCCCCCCCCCCCCCCCCC,816
872,CCCCCCCCCCOC(=O)C1=CC=CC=C1C(=O)OCCCCCCCCCC,870
873,CCCCCCCCCCCCCCCCCCCCCCCCCCCCCC,843
874,CC(C)CCCC(C)CCCC(C)CCCCC(C)CCCC(C)CCCC(C)C,796
875,COC(=O)C(=O)OC,629.33
876,NN,653.1
877,C(#N)C#N,400.15
878,Br,363.16
879,I,423.9
880,N(=O)[O],431.23
881,P(Cl)(Cl)Cl,563.08
882,FS(F)(F)(F)(F)F,318.74
883,[O-][O+]=O,261.05
884,C[C@@H]1CCC[C@H](C1)C,598
885,CC1(CO1)C,500
886,C1CCC(=O)C1,624.75
887,CCCCCC(C)C,559.63
888,P(Br)(Br)Br,711
889,CC(F)F,386.44
890,C(C(C(F)(F)F)(F)F)F,403
891,C(C(F)(F)F)C(F)(F)F,398.07
892,C(C(C(F)F)(F)F)(F)F,428
893,CCOC(=O)Cl,508.15
894,CCC(F)(F)F,392
895,CCNC,475
896,C(CN)CN,632
897,O=C(O)/C=C\C(=O)O,620
898,CC[C@H](C)O,538.22
899,CC(CO)CO,708
900,CCN(C)C,500
901,C(CO)NCCO,736.6
902,CC(=O)CC(=O)C,646.65
903,CC(=C)C(=O)OC,540.3
904,C(CC(=O)O)CC(=O)O,840
905,CC/C=C/C,475.37
906,CCCOCCO,615.1
907,CC1=CN=CC=C1,644.8
908,C(CCC(=O)O)CC(=O)O,841
909,CCCCCC#N,627.92
910,CC(C)C(=C)C,497.7
911,CCC(C)OC(=O)C,571
912,C1CCC(CC1)N,626.8
913,CC(C)CCCO,603.5
914,CC(C)CC(C)O,574.4
915,COCCOCCOC,617
916,CCCCCCN,592.3
917,CC(CNCC(C)O)O,672
918,C(CO)N(CCO)CCO,772.1
919,C(CCCN)CCN,685
920,CCOC(=O)CC(=O)OCC,652
921,CC1(CCCC1)C,547
922,C[C@@H]1CCC[C@@H]1C,565.15
923,C[C@@H]1CCC[C@H]1C,553.15
924,CC(COC(C)(C)C)O,600.7
925,C1=CC=C(C(=C1)C=O)C(=O)O,864
926,C1=CC=C2C(=C1)C=CS2,764
927,CC1=CC=C(C=C1)C(=O)O,775
928,C[C@@H]1CCCC[C@H]1C,596.15
929,CCCCCCOC(=O)C,618.4
930,CCCCCC(=O)OCC,615.2
931,CCCCCCCCCl,643
932,C(CCCCO)CCCO,752
933,CCCCCCCCS,667
934,CC(C)CNCC(C)C,584.4
935,NCCCCCCCCN,712
936,C(CCCC(=O)O)CCCC(=O)O,844
937,C1CCCCCCCC1,682
938,CCCC(=O)OCC(C)CC,620
939,CCC(CC)(CC)CC,610.05
940,C(CCCCO)CCCCO,760
941,NCCCCCCCCCN,726
942,C(CCCCC(=O)O)CCCC(=O)O,845
943,CCOC(=O)C1=CC=CC=C1C(=O)OCC,776
944,C1CCC(CC1)C2CCCCC2=O,787
945,C(CCCCCCO)CCCCCO,798
946,CCCCCCCCCCCCS,734
947,C1C2=CC=CC=C2C3=CC=CC=C31,836
948,CC(C)(C)C1=CC(=CC=C1)C(C)(C)C,687.6
949,CCCCCCCCCCCCCCO,743
950,CCCCCCCCCC1=CC=CC=C1,741
951,CCCCCCCCCCCCCCCO,757
952,C1=CC2=C3C(=C1)C=CC4=CC=CC(=C43)C=C2,974
953,CCCCCCCCCCCCCCCCO,770
954,CCCCCCCCNCCCCCCCC,734
955,CCCCCCCCCCCC1=CC=CC=C1,764
956,CCCCCCCCCCCCCCCC=C,734
957,CCCCCCCCCCCCCCCCCCO,790
958,CCCCCCCCCCCCCC1=CC=CC=C1,790
959,CCCCCCCCCCCCCCCC1CCCC1,780
960,CCCCCCCCCCCCCCCCCCC=C,772
961,CCCCCCCCCCOCCCCCCCCCC,768
962,CCCCCCCCCCCCCCCCCCCCCC(=O)O,837
963,CCCCCCCCCCCCCCCCCCCCCCO,827
964,CCCCCCCCCCCCCCCCCCCCCCCCCCCCCCCCCCCC,888
965,CCCCCCCCCCCCCCCCCCCCCCCCCCCCCCCCCCCCCCCC,904
966,CC(CCO)O,676
967,CCC/C=C/CC,538.6
968,CC(=C)CC(C)(C)C,550.7
969,CC1=CCC2CC1C2(C)C,644
970,C(CCCN=C=O)CCN=C=O,720.8
971,C(CCCC(=O)O)CCC(=O)O,843
972,OS(=O)(=O)O,924
973,N(=N/F)\\F,260
974,P(Cl)(Cl)(Cl)(Cl)Cl,646.15
975,P,324.75
976,CCCCCCCCCC(=O)CCC,712
977,CCCCCCCCC(=O)CCCC,710
978,CCCCCCCC(=O)CCCCC,709
979,CCCCCCCCCCC(=O)CCC,725
980,CCCCCCCC(=O)CCCCCC,723
981,CC1CCCC1=O,631
982,CCOC(=O)C=CC,599
983,CC(COC)OC,543
984,CC(C)(OC)OC,510
985,CC(C)(C)OCCOC,574
986,CCOC(C)(C)OCC,510.7
987,CCOCCOC(C)(C)C,585
988,CC1=CC(=C(C=C1)OC)C,682
989,C1=COC(=O)C1(O)O,731
990,C(CCCCCN)CCCCN,736
991,C(CCCCCCN)CCCCCN,767
992,C1=CC=C(C=C1)C2=CC=CC=C2N,838
993,CC1=CC=C(C=C1)C#N,723
994,CC1=NC=CN=C1,634
995,C(F)(F)(F)I,396
996,C(C(F)(F)F)(C(F)(F)I)(F)F,457
997,C(C(F)(F)F)(C(F)(F)Cl)F,432
998,C(C(F)(F)F)(C(F)(F)F)Cl,432
999,C(C(F)(F)F)(C(F)(F)Cl)Cl,479
1000,C(C(C(F)(F)Cl)(F)F)(F)Cl,484.9
1001,C(C(C(F)(F)F)(F)Cl)(F)Cl,486
1002,C(C(C(F)(F)F)(F)F)(F)F,380
1003,C(C(C(F)(F)F)(F)F)Cl,444
1004,C(C(F)Cl)(C(F)(F)F)Cl,516
1005,C(C(C(F)F)(F)F)Cl,494
1006,C(C(C(F)(F)F)Cl)Cl,525
1007,C(C(F)F)C(F)(F)F,427.2
1008,C(C(C(F)(F)Br)(F)F)(C(F)(F)Br)(F)F,533
1009,C(C(C(F)(F)F)(F)I)(C(F)(F)F)(F)F,489
1010,C(C(C(C(F)(F)F)(F)F)(F)F)(F)F,413
1011,C(C(C(C(F)(F)F)(F)F)(F)F)F,431.95
1012,C(C(C(F)(F)F)F)(C(F)(F)F)F,422
1013,C(C(C(C(F)F)(F)F)(F)F)(F)F,460
1014,CC(C(C(F)(F)F)(F)F)(F)F,417
1015,CC(CC(F)(F)F)(F)F,460
1016,C(C(C(F)(F)F)(F)F)(C(C(F)(F)F)(F)F)(F)F,421
1017,C(C(C(C(F)(F)F)(F)F)(F)F)(C(F)(F)F)(C(F)(F)F)F,455
1018,C(C(C(C(C(C(C(F)(F)F)(F)F)(F)F)(F)F)(F)F)(F)F)(F)F,496
1019,C(C(C(C(C(F)(F)F)(F)F)(F)F)(F)F)(C(C(C(F)(F)F)(F)F)(F)F)(F)F,498.2
1020,C(C(C(C(C(F)(F)F)(F)F)(F)F)(F)F)(C(C(C(C(F)(F)F)(F)F)(F)F)(F)F)(F)F,524
1021,C(C(C(C(C(C(F)(F)F)(F)F)(F)F)(F)F)(F)F)(C(C(C(C(F)(F)F)(F)F)(F)F)(F)F)(F)F,542
1022,C(=C(F)F)(C(=C(F)F)F)F,412.8
1023,C(=C(F)F)(C(C(C(C(C(F)(F)F)(F)F)(F)F)(F)F)(F)F)F,478.2
1024,C1(C(C(C1(F)F)(F)F)(F)F)Cl,470
1025,C1(=C(C(C(C(C1(F)F)(F)F)(F)F)(F)F)F)F,461.8
1026,C1(C(C(C(C(C1(F)F)(F)F)(F)F)(F)F)(F)F)(F)F,457.3
1027,C1(C(C(C(C1(F)F)(F)F)(F)F)(F)F)(C(F)(F)F)F,451.44
1028,C1(C(C(C(C(C1(F)F)(F)F)(F)F)(F)F)(F)F)F,478
1029,C1CCC(CC1)Cl,586
1030,C1(C(C(C(C(C1(F)F)(F)F)(F)F)(F)F)(F)F)(C(F)(F)F)F,485.9
1031,C1(C(C(C(C(C1(F)F)(F)F)(F)F)(C(F)(F)F)F)(F)F)(C(F)(F)F)F,512
1032,C1(=C(C(=C(C(=C1F)F)Cl)F)F)F,570.8
1033,C1(=C(C(=C(C(=C1Cl)F)Cl)F)Cl)F,684.8
1034,C1=CC(=C(C=C1F)F)Cl,609.6
1035,C1=CC(=C(C=C1F)Cl)F,612.5
1036,C1=CC(=C(C=C1Cl)F)F,609.2
1037,C1=C(C=C(C=C1F)Cl)F,592
1038,C1=CC(=C(C(=C1)F)F)F,560.3
1039,C1=CC(=C(C=C1F)F)F,551.1
1040,C1=C(C=C(C=C1F)F)F,530.9
1041,C1=CC=C(C(=C1)F)Br,669.6
1042,C1=CC(=CC(=C1)Br)F,652
1043,C1=CC(=CC=C1F)Br,654.8
1044,C1=CC=C(C(=C1)F)Cl,633.8
1045,C1=CC(=CC(=C1)Cl)F,615.9
1046,C1=CC(=CC=C1F)Cl,620.1
1047,CC1=CC(=C(C=C1)F)F,598.5
1048,C12=C(C(=C(C(=C1F)F)F)F)C(=C(C(=C2F)F)F)F,673
1049,C12(C(C(C(C(C1(F)F)(F)F)(F)F)(F)F)(C(C(C(C2(F)F)(F)F)(F)F)(F)F)F)F,565
1050,C1(=C(C(=C(C(=C1F)F)F)F)F)C2=C(C(=C(C(=C2F)F)F)F)F,640
1051,C(#N)C(F)(F)F,311.1
1052,C(C(F)F)N(C(F)(F)F)C(F)(F)F,460.2
1053,C(C(N(C(C(C(F)(F)F)(F)F)(F)F)C(C(C(F)(F)F)(F)F)(F)F)(F)F)(C(F)(F)F)(F)F,524
1054,C(C(C(F)(F)F)(F)F)(C(N(C(C(C(C(F)(F)F)(F)F)(F)F)(F)F)C(C(C(C(F)(F)F)(F)F)(F)F)(F)F)(F)F)(F)F,565.4
1055,COC(F)(F)F,377.92
1056,C(=O)(C(F)(F)F)C(F)(F)Cl,410.6
1057,C1(C(OC1(F)F)(F)F)(F)F,361.9
1058,C1(C(O1)(F)F)(C(F)(F)F)F,359.6
1059,C1(C(OC(O1)(F)F)(F)F)(F)F,368.1
1060,C(C(F)(F)F)(OC(F)(F)F)F,377.26
1061,C(C(OC(F)(F)F)(F)F)(F)F,387.8
1062,C(C(F)(F)F)OC(F)(F)F,401.9
1063,C(C(F)(F)F)(OC(F)F)F,428.9
1064,C(C(C(F)F)(F)F)O,553.6
1065,C1(C(C(OC1(F)F)(F)F)(F)F)(F)F,400
1066,C(C(OC(F)(F)F)(F)F)(C(F)(F)F)(F)F,391.7
1067,C(C(F)(F)F)OC(C(F)F)(F)F,463.89
1068,C(C(F)(F)F)OCC(F)(F)F,476.31
1069,C(=O)(C(C(C(C(F)(F)F)(F)F)(F)F)(F)F)F,427
1070,C(=O)(C(C(C(C(F)(F)F)(F)F)(F)F)(F)F)O,545.6
1071,C(C(=O)C(F)(F)F)C(=O)C(F)(F)F,485.1
1072,C(C(C(F)(F)F)(OC(F)(F)F)F)C(F)(F)F,447.4
1073,CC(=O)C(C(F)(F)F)(C(F)(F)F)F,467.64
1074,C(C(F)(F)F)OC(C(C(F)(F)F)F)(F)F,475.74
1075,C(C(C(C(C(F)(F)F)(F)F)(F)F)(F)F)O,521.4
1076,C(C(C(F)(F)F)(F)F)OC(C(F)F)(F)F,473.01
1077,C(C(C(C(C(F)F)(F)F)(F)F)(F)F)O,571.2
1078,C(C(C(F)F)(F)F)OC(C(F)F)(F)F,510.07
1079,CCC(=O)C(C(F)(F)F)(F)F,475.54
1080,C(C(C(F)(F)F)(F)F)OC(C(C(F)(F)F)F)(F)F,486.48
1081,COC(=O)C(C(C(C(F)F)(F)F)(F)F)(F)F,559
1082,C(C(C(F)F)(F)F)OC(C(C(F)(F)F)F)(F)F,507.6
1083,C(=O)(C(C(C(C(C(C(F)(F)F)(F)F)(F)F)(F)F)(F)F)(F)F)Cl,519.8
1084,C(C(C(C(C(C(C(F)(F)F)(F)F)(F)F)(F)F)(F)F)(F)F)O,554.7
1085,C(C(C(C(C(C(C(F)F)(F)F)(F)F)(F)F)(F)F)(F)F)O,589
1086,C(C(C(C(C(F)F)(F)F)(F)F)(F)F)OC(C(F)F)(F)F,546.8
1087,CC(C)(C(C(C(C(F)F)(F)F)(F)F)(F)F)O,589.4
1088,C1(C(C(OC1(C(C(C(C(F)(F)F)(F)F)(F)F)(F)F)F)(F)F)(F)F)(F)F,500.2
1089,C1=CC=C(C=C1)OC(C(F)F)(F)F,603.8
1090,CCOC(=O)C(C(C(C(C(C(F)F)(F)F)(F)F)(F)F)(F)F)(F)F,575.6
1091,C(F)(F)(F)S(F)(F)(F)(F)F,381.2
1092,CC(C)CCON=O,476.8
1093,CCC/C=C\C,513.4
1094,C(CO)COCCCO,705
1095,C(CCCCCC(=O)O)CCCCC(=O)O,859
1096,C(CCCCCCC(=O)O)CCCCCC(=O)O,862
1097,COC(=O)CC(=O)OC,646
1098,COC(=O)CCCC(=O)OC,682
1099,COC(=O)CCCCC(=O)OC,692
1100,COC(=O)CCCCCC(=O)OC,711
1101,CCOC(=O)CCCC(=O)OCC,683
1102,COC(=O)CCCCCCC(=O)OC,723
1103,CCOC(=O)CCCCC(=O)OCC,696
1104,COC(=O)CCCCCCCCC(=O)OC,742
1105,C1=CC=C(C=C1)CCCCO,746
1106,C1=CC=C(C=C1)CC(=O)O,766
1107,CC1=CC(=CC=C1)C(=O)O,771
1108,C1=CC=C(C=C1)CCC(=O)O,776
1109,C1=CC=C(C=C1)CCCC(=O)O,783
1110,C1=CC=C(C=C1)CCCCCC(=O)O,794
1111,C1=CC=C(C=C1)CCCCCCC(=O)O,798
1112,CCCCCOC(=O)C1=CC=CC=C1,736
1113,CCCCCCOC(=O)C1=CC=CC=C1,748
1114,C(=C/F)\C(F)(F)F,382.4
1115,C(=C\F)\C(F)(F)F,423.3
1116,C=C(C(F)(F)F)F,367.85
