smiles,value
C,190.56
CC,305.35
CCC,369.82
CCCC,425.15
CCCCC,469.69
CCCCCC,507.62
CCCCCCC,540.41
CCCCCCCC,568.95
CCCCCCCCC,594.51
CCCCCCCCCC,617.7
CCCCCCCCCCC,638.96
CCCCCCCCCCCC,658.22
CCCCCCCCCCCCC,675.41
CCCCCCCCCCCCCC,693.01
CCCCCCCCCCCCCCC,707.61
CCCCCCCCCCCCCCCC,722.65
CCCCCCCCCCCCCCCCC,735.41
CCCCCCCCCCCCCCCCCC,747.64
CCCCCCCCCCCCCCCCCCC,756.64
CCCCCCCCCCCCCCCCCCCC,768.08
CC(C)C,407.95
CCC(C)C,460.39
CC(C)C(C)C,500.05
CCCC(C)C,497.63
CCC(C)C(C)C,537.37
CCC(C)(C)C(C)C,573.5
CC(C)CC(C)(C)C,543.89
CC=C,365.16
CCC=C,419.41
C/C=C\C,435.6
CCCC=C,464.75
CCCCC=C,504.03
CCCCCC=C,537.31
CCCCCCC=C,566.78
CCCCCCCC=C,593.45
CCCCCCCCC=C,616.28
CC(=C)C,418.07
CCC(=C)C,465
CC=C(C)C,473.5
C=CC=C,425.12
CC(=C)C=C,484
C#C,308.41
CC#C,402.25
CC(C)C#C,463.2
CCC#CC,519
CCCCC#C,516.2
CCCC#CC,549
CCC#CCC,544
CCCCCC#C,559
CCCCCCC#C,585
C1CCCC1,511.7
CC1CCCC1,532.77
CCC1CCCC1,569.5
C1CCCCC1,553.66
CC1CCCCC1,572.18
CC1(CCCCC1)C,591.15
CCC1CCCCC1,608.55
C1CC=CC1,506.58
CC1=CCCC1,542
C1CCC=CC1,560.43
C1=CC=CC=C1,562.11
CC1=CC=CC=C1,591.77
CC1=CC=CC=C1C,630.29
CC1=CC(=CC=C1)C,617.02
CC1=CC=C(C=C1)C,616.21
CCC1=CC=CC=C1,617.15
CCCC1=CC=CC=C1,638.37
CC1=CC(=C(C=C1)C)C,649.12
CC(C)C1=CC=CC=C1,630.98
CC1=CC(=CC(=C1)C)C,637.32
CC1=CC=C(C=C1)C(C)C,653.3
C1=CC=C2C=CC=CC2=C1,748.4
C1=CC=C(C=C1)C2=CC=CC=C2,785.07
C=CC1=CC=CC=C1,639.68
CO,512.83
CCO,513.91
CCCO,536.78
CCCCO,563.05
CC(C)O,508.29
CC(C)(C)O,506.39
CCCCCO,587.3
CC(C)CCO,577.66
CCCCCCO,611
CCCCCCCO,632.38
CC(CO)O,651
C1=CC=C(C=C1)O,694.15
CC1=CC=CC=C1O,697.38
CC1=CC(=CC=C1)O,705.75
COC,400.15
CCCOC,476.26
CC(C)OC,464.47
CCCCOC,512.05
CC(C)COC,497
CCOCC,466.71
CCCOCC,500.23
CCOC(C)C,489.65
COC1=CC=CC=C1,645.77
C1=CC=C(C=C1)OC2=CC=CC=C2,768.11
C=O,408.02
CCCCCC=O,591.48
CCCCCCCC=O,638.75
CCCCCCCCCC=O,674.12
CC(=O)C,508.15
CCC(=O)C,535.87
CCCC(=O)C,561.31
CC(C)C(=O)C,553.2
CCCCC(=O)C,587.06
CC(C)CC(=O)C,573.09
CCC(=O)CC,561.11
CCC(=O)C(C)C,567
CC(C)C(=O)C(C)C,576
CC(=O)C1=CC=CC=C1,708.3
C(=O)O,586.01
CC(=O)O,592.31
CCC(=O)O,601.53
CC(C)C(=O)O,606.24
C1=CC=C(C=C1)C(=O)O,751.5
COC=O,488.35
CC(=O)OC,506.63
CCC(=O)OC,530.59
CCCC(=O)OC,553.92
CCOC=O,508.45
CCOC(=O)C,523.25
CCC(=O)OCC,546.21
CCCC(=O)OCC,568.81
CCCOC=O,537.74
CCCOC(=O)C,549.66
CCCCOC(=O)C,576.5
COC(=O)C1=CC=CC=C1,696.02
CCOC(=O)C1=CC=CC=C1,697.67
CC(=O)OC=C,520.32
CN,430.33
CNC,437.32
CN(C)C,433.11
CCN,456.23
CCNCC,497.19
CCN(CC)CC,535.33
CCCN,497.4
CCCNCCC,552.32
CC(C)N,471.91
C1=CC=C(C=C1)N,700.01
CNC1=CC=CC=C1,701.52
CN(C)C1=CC=CC=C1,687.3
C1CO1,468.86
C1=COC=C1,489.96
C1=CSC=C1,579.41
C1=CC=NC=C1,619.98
C(=O)N,771
CN(C)C=O,649.6
CC(=O)N,761
CC(=O)NC,718
CC#N,545.51
CCC#N,563.05
CCCC#N,582.91
C1=CC=C(C=C1)C#N,697.69
CS,469.94
CCS,499
CCCS,536.48
CCCCS,569.99
CC(C)CS,559.25
CSC,503.02
CCSC,537
CCSCC,557.16
CF,317.48
CCl,416.26
C(Cl)(Cl)Cl,536.33
C(Cl)(Cl)(Cl)Cl,556.47
CCF,375.29
CCBr,503.84
CCCCl,503.16
CC(C)Cl,485.47
CCC(Cl)Cl,560
CC(CCl)Cl,576
C=CCl,429.68
C1=CC=C(C=C1)F,560.07
C1=CC=C(C=C1)Cl,632.58
C1=CC=C(C=C1)Br,670.12
[HH],33.13
[N]=O,180.11
FF,144.19
BrBr,585.11
C(F)(F)F,299.35
C(F)(F)(F)F,227.54
C(Cl)Cl,509.41
C(Br)Br,597.02
C(Br)(Br)Br,689.02
C(F)(F)Cl,369.29
C(F)(Cl)Cl,451.6
C(F)(F)(F)Cl,301.99
C(F)(F)(Cl)Cl,381.7
C(F)(Cl)(Cl)Cl,471.14
CC(Cl)Cl,523.21
C(CCl)Cl,561.67
C(CBr)Br,650.17
CC(F)(F)F,345.9
CC(Cl)(Cl)Cl,545.02
C(C(Cl)Cl)(Cl)Cl,644.77
C(C(F)(Cl)Cl)(F)(Cl)Cl,551.05
C(C(F)(Cl)Cl)(F)(F)Cl,487.3
C(C(F)(F)Cl)(F)(F)Cl,418.83
CCCCCCl,569.25
C(=C(F)Cl)(F)F,379.15
C=C(Cl)Cl,482.05
C(=C(Cl)Cl)Cl,571.05
C(=C(Cl)Cl)(Cl)Cl,620.02
C1=CC=C(C=C1)I,721.17
CC1=CC(=CC=C1)Cl,660.75
C1=CC=C(C=C1)CCl,686.05
CC(C)(C)C,433.76
CCC(C)(C)C,489.03
CCC=C=C,500.05
CC=C=CC,497
C1CCC1,459.95
CCCC1CCCC1,599.5
CCCCC1CCCC1,626
CCCCCC1CCCC1,656.2
CCCCCCC1CCCC1,660.1
CCCC1CCCCC1,636.33
CCCCC1CCCCC1,660.05
CCCCCC1CCCCC1,667.85
CCCCCCC1CCCCC1,693.6
CCCCC1=CC=CC=C1,660.5
CCCCCC1=CC=CC=C1,679.9
CCCCCCC1=CC=CC=C1,698
CC1=C(C(=C(C=C1)C)C)C,693
CC1=CC(=C(C(=C1)C)C)C,679
CC1=CC(=C(C=C1C)C)C,675.96
CC1=C(C(=C(C(=C1C)C)C)C)C,758
C1=CC=C(C=C1)C(C2=CC=CC=C2)C3=CC=CC=C3,865
C1=CC=C(C=C1)C(C2=CC=CC=C2)(C3=CC=CC=C3)C4=CC=CC=C4,983
CC1=CC2=CC=CC=C2C=C1,761.25
CCC1=CC=CC2=CC=CC=C21,776
CCC1=CC2=CC=CC=C2C=C1,771
CCCCCCCCO,652.52
CC(C)CO,547.78
C(C(CO)O)O,825.21
CCCCCC(=O)O,660.99
CCC(=O)OC(=O)CC,623
C(C(=O)O)Cl,686.05
C(C(=O)O)(Cl)Cl,686.05
C(=O)(C(Cl)(Cl)Cl)O,688.05
CCCC(=O)CCC,602
C1=CC=C(C=C1)C(=O)C2=CC=CC=C2,830.01
CCCOCCC,530.68
C1COCCO1,587.1
CC1OC(OC(O1)C)C,579.05
C1=COC(=C1)C=O,670.12
C1=CC=C(C(=C1)C=O)O,680
CCCOC(=O)CC,569.51
COC(=O)C1=CC=CC=C1O,709
C1CCNCC1,594.05
CCN(CC)C1=CC=CC=C1,702
C1=CC=C(C=C1)NN,761
C[N+](=O)[O-],588.07
C1=CC=C(C=C1)[N+](=O)[O-],719.05
CC1=CC=CC=C1[N+](=O)[O-],720.05
CC1=CC(=CC=C1)[N+](=O)[O-],734.05
CC1=CC=C(C=C1)[N+](=O)[O-],743.05
C(F)(F)(Cl)Br,427.07
C(F)(F)(F)Br,340.12
C(F)(F)Br,411.99
CI,528
C(C(F)(F)Br)(F)(F)Br,487.8
C(C(F)(F)Cl)(F)(F)F,353.09
C(C(F)(Cl)Cl)(F)(F)F,418.6
C(C(Cl)(Cl)Cl)(F)(F)F,482.9
C(=O)(C(Cl)(Cl)Cl)Cl,604
C(=C(F)F)(F)F,306.95
C(C(F)(F)F)(F)(F)F,292.86
C(C(F)(F)F)(Cl)Br,496.3
C(=C(F)F)Cl,400.53
C(C(F)(F)Cl)(F)F,400
C(C(F)(F)F)(F)Cl,395.48
C(C(F)(F)Cl)(F)Cl,461.6
C(C(F)(F)F)(Cl)Cl,456.88
C(C(F)(F)F)(F)F,339.2
C(C(F)(F)F)Cl,425
C(=C\Cl)\Cl,539.9
C(=C/Cl)\Cl,516
C=C(F)F,302.9
C(C(F)(F)F)F,374.19
C(C(F)F)(F)F,391.77
C(OC(F)F)(F)F,420.34
CC(F)(F)Cl,410.3
CC(F)(Cl)Cl,477.85
C(C(Cl)Cl)Cl,602
C=CF,327.8
C(C(F)F)F,445.7
CSSC,611.12
C(C(F)(F)F)(C(F)(F)Cl)(F)Cl,448.9
C(=C(F)F)(C(F)(F)F)F,359
C(=O)(C(F)(F)F)C(F)(F)F,357.16
C(C(F)(F)F)(C(F)(F)F)F,374.89
C(C(F)F)(C(F)(F)F)F,412.38
C=CC(F)(F)F,378.59
CC(C(F)(F)F)(F)F,380.1
C(C(C(F)F)(F)F)F,447.57
C=CC#N,538.67
C1=CON=C1,590
CC(C(F)F)(F)F,419
C=CC=O,506
C=CC(=O)O,616.57
C=CCBr,544.4
C=CCCl,514.08
C=CCO,543.25
CC1CO1,484.45
COC(=O)OC,557
CC(C)Br,532
C=CCN,540
COCCO,591.15
COCOC,484.45
CC(C)S,517.3
CNCCO,630
C1(C(C(C1(F)F)(F)F)(F)F)(F)F,388.4
C(C(C(F)(F)F)(F)F)(C(F)(F)F)(F)F,386.33
C(C(F)(F)F)(C(F)(F)F)(C(F)(F)F)F,395.4
C=CCC#N,585
C1CC(=O)OC1,731
C/C=C\C(=O)O,644.6
C=CCC(=O)O,644.6
CC(=C)C(=O)O,638.4
COC(=O)C=C,536
C(CC(=O)O)C(=O)O,851
CCOC=C,475.04
CC(C)C=O,513
C1CCOC1,540.17
CCSC(=O)C,590.53
CC(C)OC=O,534.6
C1CCSC1,631.98
CC(C)CBr,567.2
CC(C)(C)Cl,502.4
C1COCCN1,618
C1CNCCN1,660.5
CC[C@@H](C)O,538.22
COCCOC,537.14
CC(COC)O,579.8
C(COCCO)O,724.36
CCCSC,574.1
CC(C)SC,549.5
CCSSCC,642
CC(C)CN,516.9
CC(C)(C)N,483.83
CC(C)NC,490.7
NCCOCCO,721
C(CNCCO)N,739
CC1=CC=CO1,527.67
CC1=CC=CS1,606.2
CC1=CSC=C1,610.8
C1CC12CC2,506.4
CCOC(=O)C=C,552
CCC(=C)C(=O)O,653.93
C/C=C(/C)\C(=O)O,661.14
CC(=CC(=O)O)C,661.84
CC/C=C\C(=O)O,655.46
C=CCCC(=O)O,659.75
CCCCC#N,610.3
CN1CCCC1=O,721.68
CC(C)C=C,452.02
CC1CCCO1,537
CCOCC=C,518
CC(C)CC(=O)O,629.84
CCCCOC=O,565.6
CC(C)COC=O,551.25
CC(C)C(=O)OC,541.23
C1CCC(C1)S,631.25
CC(C)CCCl,560
CCC(C)(C)Cl,509.1
CN1CCCC1,548.6
CCCC(C)O,560.35
CCC(C)(C)O,544.26
CC(C)(CO)CO,687
CCOCOCC,532
COCCOCCO,672
CCCCCS,597.7
CCCC(C)S,580
CCC(C)CS,591.9
CC(C)CCS,594
CCC(C)(C)S,570.1
CC(C)(C)SC,569.8
CCNC(C)C,508
CN(CCO)CCO,742
C1(=C(C(=C(C(=C1F)F)F)F)F)F,516.61
C1=CC(=CC(=C1)Cl)Cl,684.55
C1=CC(=CC=C1Cl)Cl,679.58
C1=CC(=CC(=C1)F)F,548.4
C1=CC=C(C(=C1)F)F,561.65
C1=CC(=CC=C1F)F,556.9
C1=CC=C(C=C1)S,689.5
CC1=CC=NC=C1,646.08
CC(=CC(=O)C)C,605
CC(=O)CCC=C,593.5
C/C=C/C(=O)OCC,599
CC(OC(=O)C)OC(=O)C,618
COC(=O)CCC(=O)OC,662
CCC/C=C/C,509
CC/C=C\CC,510
CC/C=C/CC,502.25
CCCC(=C)C,521
CC(C)CC=C,494.05
C/C=C\C(C)C,496.3
CCC=C(C)C,513.65
CC(=C(C)C)C,522.5
CC(C)(C)C=C,477.4
CCCCOC=C,540.25
CCCC(=O)CC,582.95
CCCCCOC=O,575.93
CC(=O)OC(C)(C)C,541
CCC(=O)OC(C)C,553
CCOC(=O)C(C)C,553.44
CCCCC(=O)OC,575.35
CCOCCOC(=O)C,608.39
CC(COC)OC(=O)C,597.93
C1CCC(CC1)S,674
CCCCCCCl,596.8
CCC(C)(CC)Cl,528
CCCCC(C)O,583.17
CCCC(CC)O,582.41
CCCC(C)CO,604.4
CCCC(C)(C)O,559.5
CCC(C(C)C)O,576
CCC(C)(CC)O,575.6
CC(C)OC(C)C,500.08
CCCCCOC,546.51
CCC(C)(C)OC,536
CCCCOCC,531
CCOC(C)(C)C,509
CCOC(C)OCC,537.68
CCCCOCCO,633.9
CCCOCC(C)O,605
CCOCCOCCO,670
C(COCCOCCO)O,766.5
CCCCNCC,547.1
C1=CC=C(C=C1)C(F)(F)F,559.9
CC1=CC=C(C=C1)F,590.8
CC1=CC=CC=C1F,591.2
CC1=CC(=CC=C1)F,591.8
C1C=CC=CC=C1,593.9
CSC1=CC=CC=C1,706
CC1=CC(=CC=C1)N,709.08
CC1=C(N=CC=C1)C,655.44
CC1=CC(=NC=C1)C,647.06
CC1=CN=C(C=C1)C,644.19
CC1=NC(=CC=C1)C,623.77
CC1=C(C=NC=C1)C,683.78
CC1=CC(=CN=C1)C,667.24
C[C@@H]1CC[C@@H](C1)C,551.45
CCCC/C=C\C,548.5
CCCCC(=C)C,542
CC(C)CCC=C,528.7
CCC(C)C(=C)C,534
CC(C)(C)CC=C,516
CCCCCC(=O)C,611.42
CCCCC(=O)CC,606.6
CC(C)CCC(=O)C,604
CCCC(=O)C(C)C,593
CCCCCCC(=O)O,678.47
CCCCCCOC=O,614
CCCCCOC(=O)C,599.95
CC(C)CCOC(=O)C,588.31
CCCCOC(=O)CC,594.4
CCC(=O)OCC(C)C,587.46
CCCC(=O)OCCC,594.01
CCCOC(=O)C(C)C,581.27
CCOC(=O)CC(C)C,584.89
CCOC(=O)C(C)(C)C,566
CCCCC(=O)OCC,587.38
CCCCCC(=O)OC,612
CCOCCC(=O)OCC,620.62
CCCCCCCCl,614
CCCCC(C)C,530.39
CCC(CC)CC,540.64
CCCC(C)(C)C,520.57
CC(C)CC(C)C,520.06
CCC(C)(C)CC,536.38
CC(C)C(C)(C)C,531.22
CCCCC(CC)O,605.37
CCCC(CCC)O,602.6
CCC(C)(C)OCC,546
CCCCOCC(C)O,625
CCCCCC(C)N,598
CCCCCCNC,592
C1=CC=C2C(=C1)C(=O)OC2=O,810
CC1=CC=C(C=C1)C=O,712
C1C2=CC=CC=C2CO1,700
CC1=CC=CC=C1C(=O)O,763
CCOC1=CC=CC=C1,647.06
C1=CC=C(C=C1)CCO,724
CC(C1=CC=CC=C1)O,699
CCC1=CC=C(C=C1)O,716.42
CC1=C(C(=CC=C1)C)O,701.08
CCNC1=CC=CC=C1,699.27
CCOC(=O)CCC(=O)OCC,663.33
CCCCCCCC#N,674.4
CCC1(CCCC1)C,592
C[C@@H]1CCCC[C@@H]1C,606.08
C[C@@H]1CCC[C@@H](C1)C,589.95
C1CCCCCCC1,649.45
CCCCC/C=C/C,580
CCC/C=C/CCC,566.3
CCCCCC(=C)C,567.5
CCCCC=C(C)C,569
CCCCCCC(=O)C,632.7
CCCCC(=O)C(C)C,615
CCC(C)CC(=O)CC,619
CCCCCC(=O)CC,627.7
CCCCC(=O)CCC,623.8
CCCCCCCC(=O)O,694.33
CCC(=O)OCCC(C)C,611.13
CCCCOC(=O)CCC,612.05
CCCC(=O)OCC(C)C,611.13
CC(C)COC(=O)C(C)C,601.97
CCCCCCC(=O)OC,628
CCCCOCCOC(=O)C,640.63
CCOCCOCCOC(=O)C,666.5
CCCCC(C)CC,563.67
CCC(C)(CC)CC,576.5
CCC(CC)C(C)C,567.05
CCCCC(C)(C)C,549.83
CCCC(C)C(C)C,563.48
CCC(C)CC(C)C,552.94
CC(C)CCC(C)C,549.5
CCCC(C)(C)CC,561.99
CCC(C)C(C)CC,568.8
CCC(C)C(C)(C)C,563.49
CC(C)C(C)C(C)C,566.38
CCCC(C)C(CC)O,623.5
CCC(C)CC(CC)O,621.2
CCCCC(CC)CO,640.43
CC(C)(C)OC(C)(C)C,552.5
CCOCCOCCOCC,612
CCCCOCCOCCO,692.2
CCCCSCCCC,650
CCCCCCCCN,641
C1=CC=C2C=NC=CC2=C1,803.1
C1CC2=CC=CC=C2C1,684.87
CCC1=CC=CC=C1C,651
CCC1=CC=C(C=C1)C,640.2
C=CC1CC2CC1C=C2,620
C1=CC=C(C=C1)CCCO,732
CC1=CC=CC=C1N(C)C,667.95
CC(C)C1CCCCC1,632.2
CCCCCCC(=O)CC,648.05
CCCCCC(=O)CCC,643.7
CCCCC(=O)CCCC,640.7
CCCCCCCCC(=O)O,711.16
CCCCCCCCOC=O,654
CCCCCCC(=O)OCC,634.15
CCCCCCCC(=O)OC,646
CCCCCCC(C)C,583.86
CCCCCC(C)(C)C,576.7
CC(C)CCC(C)(C)C,569.88
CCC(C)(C)C(C)(C)C,607.51
CC(C)C(C)C(C)(C)C,592.61
CC(C)(C)CC(C)(C)C,574.61
CC(C)C(C)(C)C(C)C,607.51
CCCCCCCCCO,670.65
CCCCCC(CCC)O,645.1
CCCN(CCC)CCC,607.7
CC1=C2C(=CC=C1)C=CC=N2,787
COC(=O)C1=CC=CC=C1C(=O)OC,772
COC(=O)C1=CC(=CC=C1)C(=O)OC,766
C1CCC2=CC=CC=C2C1,720.22
CCCOC(=O)C1=CC=CC=C1,710
CC(C)CC1=CC=CC=C1,650.68
CC(C)(C)C1=CC=CC=C1,654
CCC1=CC=C(C=C1)CC,657.9
CC(C)(C)C1=CC(=C(C=C1)O)O,775
CCCCNC1=CC=CC=C1,721
C=C(C)[C@H]1CC=C(C)CC1,653
CC(C)(C)C1CCCCC1,655.5
CC(C)CC1CCCCC1,642.1
C1CCCCCCCCC1,709
CCCCCCCCC(=O)C,671.8
CCCCCCCC(=O)CC,667.8
CCCCCCC(=O)CCC,662.9
CCCCCC(=O)CCCC,661
CCCCC(CC)COC(=O)C,642.2
CCCCCCCC(=O)OCC,651.62
CCCCCCCCC(=O)OC,665
CCCCCCCC(C)C,610.7
CCCCCCC(C)CC,613.6
CCCCC(C)CCCC,609.8
CCCC(C)(C)C(C)(C)C,623.01
CC(C)(C)CCC(C)(C)C,581.41
CCCCCCCC(CC)O,666.09
CCCCCCC(CCC)O,658.75
CCCCCC(CCCC)O,663.17
C(CCCCCO)CCCCO,770
CCCCCCCCSCC,700
CC(C)CCSCCC(C)C,664
CC1=CC2=C(C=C1)N=C(C=C2)C,786
CCCCCCCCCC=C,637
CCCCCCCCCC(=O)C,687.9
CCCCCCCCC(=O)CC,684.8
CCCCCCCC(=O)CCC,680.95
CCCCCCC(=O)CCCC,679.2
CCCCCC(=O)CCCCC,678.25
CCCCCCCCCCC(=O)O,729.63
CCCCCCCCC(=O)OCC,666.46
CCCCCCCCCC(=O)OC,675
C1=CC2=C3C(=C1)C=CC3=CC=C2,792
C1=CC=C2C(=C1)C3=CC=CC=C3O2,824
C1=CC=C2C(=C1)C3=CC=CC=C3S2,897
C1CC2=CC=CC3=C2C1=CC=C3,820
CC1=CC2=CC=CC=C2C(=C1)C,772
CC1=CC=C(C2=CC=CC=C12)C,778
CC1=C2C(=CC=CC2=CC=C1)C,792
CC1=CC2=C(C=C1)C=CC(=C2)C,775
CCC1=CC(=CC(=C1)CC)CC,679
CC12CC3CC(C1)CC(C3)(C2)C,708
C1CCC(CC1)SC2CCCCC2,770
CCCCCCCC1CCCC1,679
CCCCCCCCCCC=C,657.55
CCCCCCCCCCC(=O)C,702.03
CCCCCCC(=O)CCCCC,694.1
CCCCCCCCCC(=O)CC,700.85
CCCCCCCC(=O)CCCC,695.1
CCCCCCCCC(=O)CCC,696.8
CCCCCCCCCCCC(=O)O,743.21
CCCCCCCCCCCCO,709.3
CCCCCCOCCCCCC,657
CCCCN(CCCC)CCCC,643
CCCCCCCC1=CC=CC=C1,708
CCCCCCCCCCCC=C,673
CCCCCCCCCCCC(=O)C,717
CCCCCCCCCCC(=O)CC,716.05
CCCCCCC(=O)CCCCCC,708.1
CCCCCCCCCCCCC(=O)O,754.01
CCCCCCCCCCCCCO,732
C1=CC=C2C=C3C=CC=CC3=CC2=C1,878.77
C1=CC=C2C(=C1)C=CC3=CC=CC=C32,876.04
CCCOC(=O)C1=CC=CC=C1C(=O)OCCC,784
CCCCCCCCC1=CC=CC=C1,725
CC(C)(C)C1=CC=C(C=C1)C(C)(C)C,708
CCCCCCCCCCCCC(=O)C,727.9
CCCCCCCCCCCC(=O)CC,726.93
CCCCCCCCCCCCCC(=O)O,764.1
CC1=CC(=CC(=C1)C(C)(C)C)C(C)(C)C,695.5
CCCCCCCCCCCCCC=C,704
CCCCCCCCCCCCCC(=O)OC,730
CCCCOC(=O)C1=CC=CC=C1C(=O)OCCCC,797
CCCCCCCCCCC1=CC=CC=C1,752
CC(CC(C)(C)C)CC(C)(C)CC(C)(C)C,692
CCCCCCCCOCCCCCCCC,723
CCCCCCCCCCCCCCCC(=O)OC,760
CCCCCCCCCCCCCCCCCO,736
CC(C)C1=CC(=C(C=C1C(C)C)C(C)C)C(C)C,703
CC(C)(C)C1=CC(=CC(=C1)C(C)(C)C)C(C)(C)C,700.5
CCCCCCCCCCCCCCC1CCCC1,772
CCCCCCCCCCCCCCCCCC=C,755
CCCCCCCCCCCCCCCCCC(=O)OC,785
CCCCCCOC(=O)C1=CC=CC=C1C(=O)OCCCCCC,817
CCCCCCCCCCCCCCCCC1CCCC1,791
CCCCCCCCCCCCCCCCCCCCC,777.9
CCCCCCCCCCCCCCCCCCCCCC,782.12
CCCCCCCCCCCCCCCCCCCCCCC,789.92
CCCCCCCCCCCCCCCCCCCCCCCC,799.95
CCCCCCCCCCCCCCCCCCCCCCCCCCCC,824
CCCCCCCCCCCCCCCCCCCCCCCCCCCCCCCCCCCCCCCCCCCC,919
CCCCCCCCCCCCCCCCCCCCCCCCCCCCCCCCCCCCCCCCCCCCCCCCCCCCCCCCCCCC,974
[N-]=[N+]=O,309.56
O=C=O,304.19
OO,729.08
O=C=S,378.79
FN(F)N(F)F,309.38
FC1CCCCC1,667.93
FC(F)(F)C(F)(F)C(F)(F)C(F)(F)C(F)(F)C(F)(F)F,450.09
FC(F)(F)C(F)(F)C(F)(F)C(F)(F)C(F)(F)C(F)(F)C(F)(F)F,475.75
ClC(Cl)=C(Cl)C(Cl)(Cl)Cl,680
FC(F)OC(Cl)C(F)(F)F,467.8
FC(F)OC(F)(F)C(F)Cl,474.83
C1CCOCC1,572.1
C1=COCCC1,561.35
O=C(/C=C(\O)C(F)(F)F)C(F)(F)F,485.1
N,405.56
O,647.12
OC1CCCC1,619.38
OCC(F)(F)F,498.57
CCCOCCOCCO,681.13
Fc1ccc(F)c(F)c1F,550.82
Fc1cc(F)c(F)c(F)c1,535.23
Fc1cc(F)c(F)cc1F,543.33
Fc1cc(F)c(F)c(F)c1F,531.13
Fc1c(F)c(F)c(C(F)(F)F)c(F)c1F,534.42
Cc1c(F)c(F)c(F)c(F)c1F,562.03
Oc1c(F)c(F)c(F)c(F)c1F,607
C(=S)=S,552.01
F,461.11
Cl,324.66
C#N,456.66
O=S=O,430.74
O=S(=O)=O,490.89
C(#N)Cl,449.05
C(=O)(Cl)Cl,455.02
O=S(=O)(Cl)Cl,545.05
[2H][2H],38.28
[2H]O[2H],643.94
[N+](=O)([O-])F,349.5
FOF,215
N(=O)Cl,440
N(F)(F)F,234
FP(F)F,271.2
FS(F)(F)F,364.05
C1COC1,507.9
CCCC(C)CCC,561.72
CCCC(CC)CC,565.48
CCCCOC(=O)C1=CC=CC=C1,724
CCCCCCCCCCCCC=C,689
CCCCCCCCCCCCCCC=C,717
CCCCCCCCCCCCCCCCC=C,743.5
N(F)F,403
N(=N\F)\F,272
C/C=C/C,428.62
CCC(C)O,536.59
CCC(C)CO,571.7
CCC(C)C(=O)C,572.45
CCC(C)S,554
C/C=C/C=C,500.05
CC1=C(C(=CC=C1)C)C,664.53
CC1=CC=CC2=CC=CC=C12,771.75
CCC(C)Cl,519.93
CCC(CO)O,680
CCC(C)N,512.67
CC\\C=C/C,475.28
CCC(C)C=O,532
CC(C)C(C)O,556.1
CC1=CC=CC=N1,621.35
CC(=O)C(C)(C)C,566.9
CCCC/C=C/C,542.8
CCCCCC(C)O,608.66
CC1=C(C(=CC=C1)O)C,722.93
CCCCCCC(C)O,633.3
CCCCCC(CC)O,628.44
CCCCC(CCC)O,625.1
CC(=C)C1=CC=CC=C1,645
CC1CC(CC(C1)C)C,602.13
CCCCCCCC(C)O,649.45
CCCCCCC(CC)O,648
CCC(C)C1=CC=CC=C1,660.45
CC1=CC(=C(C=C1)C(C)C)O,698.1
C1CCC2CCCCC2C1,687.12
CCCCCCCCCC(=O)O,723.12
CCCCCCCCCCO,688.1
CCCCCCCCC(C)O,668.73
CCCCCCCCCCCO,703.3
S,373.34
C=C,282.34
CC=C=C,449.23
CC#CC,478.37
CCCC#C,487.35
C=CC#C,454.5
C1=CC=C(C=C1)C2=CC(=CC=C2)C3=CC=CC=C3,896.95
C1CCC(CC1)O,644.45
C(CO)O,731.08
CC1=CC=C(C=C1)O,704.16
CCOC,438.09
CC(C)(C)OC,497.02
CC=O,464.12
CCC=O,502.12
CCCC=O,534.51
CCCCC=O,564.08
CCCCCCC=O,616.83
CCCCCCCCC=O,658.17
C1CCC(=O)CC1,629.76
CCCC(=O)O,620.48
CC(=O)OC(=O)C,596.76
CC(C)NC(C)C,522.99
CBr,466.26
CCCl,460.35
N#N,126.31
O=O,154.63
ClCl,417.02
II,819.1
[N+](=O)([N+](=O)[O-])[O-],431.12
[C-]#[O+],132.91
C(=C=O)=C=O,427.58
C(F)F,351.37
C(Br)(Br)(Br)Br,724.8
C(C(Cl)(Cl)Cl)(Cl)Cl,646
C(C(Cl)(Cl)Cl)(Cl)(Cl)Cl,695.05
CCCCCl,541.07
CCC(C)CC,504.55
C=C=C,393.63
C=CCC=C,478.5
CCC#C,451.83
C1CC1,398.07
CC1=CC(=C(C(=C1C)C)C)C,719.17
C1=CC=C(C=C1)CC2=CC=CC=C2,765.33
C(CO)CO,722.01
C1=CC=C(C=C1)CO,705.77
CCCCC(=O)O,640.8
C=C=O,375.02
C1=CC=C(C=C1)C=O,688.77
CCCCN,529.29
C1=CC=C(C=C1)NC2=CC=CC=C2,817
C(F)(F)(Br)Br,471
C(=O)(C(F)(F)F)O,491.25
CN=C=O,491
C(CO)N,673.3
C(CN)N,606.4
C(C(F)(F)F)(C(F)(F)F)(F)F,345.05
C1=COC=N1,551
C=COC=O,475
C(CCl)CCl,615
COC=C,436
CCCBr,538.81
C1=CN=CC=N1,627
C1=CNC=C1,638.53
CC1COC(=O)O1,763
C1CCS(=O)(=O)C1,855
CCCCBr,577.5
C1CCNC1,568.58
C(CCO)CO,726
C(CCN)CN,651
C(CNCCN)N,693.5
C/C=C\CC(=O)O,646.87
C1COCCN1C=O,779
CC(C)OC(=O)C,531.53
C1CCSCC1,684
CCC(CC)O,559.6
C(CCO)CCO,731
C1=CC=C(C(=C1)Cl)Cl,729
C1=CC(=CC(=C1)O)O,836
C=CCCC=C,507
CCOC(=O)C(=O)OCC,625
CC(C)COC(=O)C,561.89
C(CCCO)CCO,700
CCOCCOCC,542
C1=CC=C(C=C1)N=C=O,663
CC1=CC=C(C=C1)Cl,615.9
CC1=CC=CC=C1N,703.66
CC1=CC=C(C=C1)N,672.26
C1CC2CC1C=C2,590
CCCCOC(=O)C=C,620.7
C(CCC(=O)O)CCC(=O)O,842
C1CCCCCC1,604.2
CCCC(C)CC,535.25
CCC1=CC=CC=C1O,702.99
CCC1=CC(=CC=C1)O,716.92
CC1=CC(=C(C=C1)O)C,707.7
CC1=CC(=C(C=C1)C)O,708.98
CC1=C(C=C(C=C1)O)C,734.86
CC1=CC(=CC(=C1)O)C,722.02
CC(C)C1CCCC1,601
CCCCC(CC)C(=O)O,673.87
CCCOC(=O)CC(C)C,609.03
CCCCOCCCC,583.58
C(COCCOCCOCCO)O,790.5
CCCCNCCCC,601.86
C1=CC=C2C(=C1)C=CC=N2,784.52
CCCCCCCC(=O)C,652.27
CCCC(=O)OCCC(C)C,618.94
CC(C)CC(=O)OCC(C)C,621.13
CC1=NC2=CC=CC=C2C=C1,778
CC1=CC[C@H]2C[C@@H]1C2(C)C,644
CCCCOCCOCCOC(=O)C,687.5
CCC(C)CC(C)(C)CC,609.51
CCCCCCC(C)CCC,626.7
CCCCCCCCCCC(=O)OC,694
CCCCCCCCCCCC(=O)OC,712.05
CCCCCCCCCCCCCCC(=O)O,776.21
CCCCCCCCCCCCCCCC(=O)O,785.11
CCCCCCCCSCCCCCCCC,780
CCCCCCCCCCCCCCCCC(=O)O,793.54
C1=CC=C(C=C1)C2=CC=CC=C2C3=CC=CC=C3,868.33
C1=CC=C(C=C1)C2=CC=C(C=C2)C3=CC=CC=C3,911.66
CCCCCCCCCCCCCCCCCC(=O)O,804.05
CCCCCCCCCCCCCCCCCCCC(=O)O,820
CCCCCCCCCCCCCCCCCCCCO,808
CCCCCCCCOC(=O)C1=CC=CC=C1C(=O)OCCCCCCCC,840
CCCCCCCCCCCCCCCCCCCCCCCCCC,816
CCCCCCCCCCOC(=O)C1=CC=CC=C1C(=O)OCCCCCCCCCC,870
CCCCCCCCCCCCCCCCCCCCCCCCCCCCCC,843
CC(C)CCCC(C)CCCC(C)CCCCC(C)CCCC(C)CCCC(C)C,796
COC(=O)C(=O)OC,629.33
NN,653.1
C(#N)C#N,400.15
Br,363.16
I,423.9
N(=O)[O],431.23
P(Cl)(Cl)Cl,563.08
FS(F)(F)(F)(F)F,318.74
[O-][O+]=O,261.05
C[C@@H]1CCC[C@H](C1)C,598
CC1(CO1)C,500
C1CCC(=O)C1,624.75
CCCCCC(C)C,559.63
P(Br)(Br)Br,711
CC(F)F,386.44
C(C(C(F)(F)F)(F)F)F,403
C(C(F)(F)F)C(F)(F)F,398.07
C(C(C(F)F)(F)F)(F)F,428
CCOC(=O)Cl,508.15
CCC(F)(F)F,392
CCNC,475
C(CN)CN,632
O=C(O)/C=C\C(=O)O,620
CC[C@H](C)O,538.22
CC(CO)CO,708
CCN(C)C,500
C(CO)NCCO,736.6
CC(=O)CC(=O)C,646.65
CC(=C)C(=O)OC,540.3
C(CC(=O)O)CC(=O)O,840
CC/C=C/C,475.37
CCCOCCO,615.1
CC1=CN=CC=C1,644.8
C(CCC(=O)O)CC(=O)O,841
CCCCCC#N,627.92
CC(C)C(=C)C,497.7
CCC(C)OC(=O)C,571
C1CCC(CC1)N,626.8
CC(C)CCCO,603.5
CC(C)CC(C)O,574.4
COCCOCCOC,617
CCCCCCN,592.3
CC(CNCC(C)O)O,672
C(CO)N(CCO)CCO,772.1
C(CCCN)CCN,685
CCOC(=O)CC(=O)OCC,652
CC1(CCCC1)C,547
C[C@@H]1CCC[C@@H]1C,565.15
C[C@@H]1CCC[C@H]1C,553.15
CC(COC(C)(C)C)O,600.7
C1=CC=C(C(=C1)C=O)C(=O)O,864
C1=CC=C2C(=C1)C=CS2,764
CC1=CC=C(C=C1)C(=O)O,775
C[C@@H]1CCCC[C@H]1C,596.15
CCCCCCOC(=O)C,618.4
CCCCCC(=O)OCC,615.2
CCCCCCCCCl,643
C(CCCCO)CCCO,752
CCCCCCCCS,667
CC(C)CNCC(C)C,584.4
NCCCCCCCCN,712
C(CCCC(=O)O)CCCC(=O)O,844
C1CCCCCCCC1,682
CCCC(=O)OCC(C)CC,620
CCC(CC)(CC)CC,610.05
C(CCCCO)CCCCO,760
NCCCCCCCCCN,726
C(CCCCC(=O)O)CCCC(=O)O,845
CCOC(=O)C1=CC=CC=C1C(=O)OCC,776
C1CCC(CC1)C2CCCCC2=O,787
C(CCCCCCO)CCCCCO,798
CCCCCCCCCCCCS,734
C1C2=CC=CC=C2C3=CC=CC=C31,836
CC(C)(C)C1=CC(=CC=C1)C(C)(C)C,687.6
CCCCCCCCCCCCCCO,743
CCCCCCCCCC1=CC=CC=C1,741
CCCCCCCCCCCCCCCO,757
C1=CC2=C3C(=C1)C=CC4=CC=CC(=C43)C=C2,974
CCCCCCCCCCCCCCCCO,770
CCCCCCCCNCCCCCCCC,734
CCCCCCCCCCCC1=CC=CC=C1,764
CCCCCCCCCCCCCCCC=C,734
CCCCCCCCCCCCCCCCCCO,790
CCCCCCCCCCCCCC1=CC=CC=C1,790
CCCCCCCCCCCCCCCC1CCCC1,780
CCCCCCCCCCCCCCCCCCC=C,772
CCCCCCCCCCOCCCCCCCCCC,768
CCCCCCCCCCCCCCCCCCCCCC(=O)O,837
CCCCCCCCCCCCCCCCCCCCCCO,827
CCCCCCCCCCCCCCCCCCCCCCCCCCCCCCCCCCCC,888
CCCCCCCCCCCCCCCCCCCCCCCCCCCCCCCCCCCCCCCC,904
CC(CCO)O,676
CCC/C=C/CC,538.6
CC(=C)CC(C)(C)C,550.7
CC1=CCC2CC1C2(C)C,644
C(CCCN=C=O)CCN=C=O,720.8
C(CCCC(=O)O)CCC(=O)O,843
OS(=O)(=O)O,924
N(=N/F)\\F,260
P(Cl)(Cl)(Cl)(Cl)Cl,646.15
P,324.75
CCCCCCCCCC(=O)CCC,712
CCCCCCCCC(=O)CCCC,710
CCCCCCCC(=O)CCCCC,709
CCCCCCCCCCC(=O)CCC,725
CCCCCCCC(=O)CCCCCC,723
CC1CCCC1=O,631
CCOC(=O)C=CC,599
CC(COC)OC,543
CC(C)(OC)OC,510
CC(C)(C)OCCOC,574
CCOC(C)(C)OCC,510.7
CCOCCOC(C)(C)C,585
CC1=CC(=C(C=C1)OC)C,682
C1=COC(=O)C1(O)O,731
C(CCCCCN)CCCCN,736
C(CCCCCCN)CCCCCN,767
C1=CC=C(C=C1)C2=CC=CC=C2N,838
CC1=CC=C(C=C1)C#N,723
CC1=NC=CN=C1,634
C(F)(F)(F)I,396
C(C(F)(F)F)(C(F)(F)I)(F)F,457
C(C(F)(F)F)(C(F)(F)Cl)F,432
C(C(F)(F)F)(C(F)(F)F)Cl,432
C(C(F)(F)F)(C(F)(F)Cl)Cl,479
C(C(C(F)(F)Cl)(F)F)(F)Cl,484.9
C(C(C(F)(F)F)(F)Cl)(F)Cl,486
C(C(C(F)(F)F)(F)F)(F)F,380
C(C(C(F)(F)F)(F)F)Cl,444
C(C(F)Cl)(C(F)(F)F)Cl,516
C(C(C(F)F)(F)F)Cl,494
C(C(C(F)(F)F)Cl)Cl,525
C(C(F)F)C(F)(F)F,427.2
C(C(C(F)(F)Br)(F)F)(C(F)(F)Br)(F)F,533
C(C(C(F)(F)F)(F)I)(C(F)(F)F)(F)F,489
C(C(C(C(F)(F)F)(F)F)(F)F)(F)F,413
C(C(C(C(F)(F)F)(F)F)(F)F)F,431.95
C(C(C(F)(F)F)F)(C(F)(F)F)F,422
C(C(C(C(F)F)(F)F)(F)F)(F)F,460
CC(C(C(F)(F)F)(F)F)(F)F,417
CC(CC(F)(F)F)(F)F,460
C(C(C(F)(F)F)(F)F)(C(C(F)(F)F)(F)F)(F)F,421
C(C(C(C(F)(F)F)(F)F)(F)F)(C(F)(F)F)(C(F)(F)F)F,455
C(C(C(C(C(C(C(F)(F)F)(F)F)(F)F)(F)F)(F)F)(F)F)(F)F,496
C(C(C(C(C(F)(F)F)(F)F)(F)F)(F)F)(C(C(C(F)(F)F)(F)F)(F)F)(F)F,498.2
C(C(C(C(C(F)(F)F)(F)F)(F)F)(F)F)(C(C(C(C(F)(F)F)(F)F)(F)F)(F)F)(F)F,524
C(C(C(C(C(C(F)(F)F)(F)F)(F)F)(F)F)(F)F)(C(C(C(C(F)(F)F)(F)F)(F)F)(F)F)(F)F,542
C(=C(F)F)(C(=C(F)F)F)F,412.8
C(=C(F)F)(C(C(C(C(C(F)(F)F)(F)F)(F)F)(F)F)(F)F)F,478.2
C1(C(C(C1(F)F)(F)F)(F)F)Cl,470
C1(=C(C(C(C(C1(F)F)(F)F)(F)F)(F)F)F)F,461.8
C1(C(C(C(C(C1(F)F)(F)F)(F)F)(F)F)(F)F)(F)F,457.3
C1(C(C(C(C1(F)F)(F)F)(F)F)(F)F)(C(F)(F)F)F,451.44
C1(C(C(C(C(C1(F)F)(F)F)(F)F)(F)F)(F)F)F,478
C1CCC(CC1)Cl,586
C1(C(C(C(C(C1(F)F)(F)F)(F)F)(F)F)(F)F)(C(F)(F)F)F,485.9
C1(C(C(C(C(C1(F)F)(F)F)(F)F)(C(F)(F)F)F)(F)F)(C(F)(F)F)F,512
C1(=C(C(=C(C(=C1F)F)Cl)F)F)F,570.8
C1(=C(C(=C(C(=C1Cl)F)Cl)F)Cl)F,684.8
C1=CC(=C(C=C1F)F)Cl,609.6
C1=CC(=C(C=C1F)Cl)F,612.5
C1=CC(=C(C=C1Cl)F)F,609.2
C1=C(C=C(C=C1F)Cl)F,592
C1=CC(=C(C(=C1)F)F)F,560.3
C1=CC(=C(C=C1F)F)F,551.1
C1=C(C=C(C=C1F)F)F,530.9
C1=CC=C(C(=C1)F)Br,669.6
C1=CC(=CC(=C1)Br)F,652
C1=CC(=CC=C1F)Br,654.8
C1=CC=C(C(=C1)F)Cl,633.8
C1=CC(=CC(=C1)Cl)F,615.9
C1=CC(=CC=C1F)Cl,620.1
CC1=CC(=C(C=C1)F)F,598.5
C12=C(C(=C(C(=C1F)F)F)F)C(=C(C(=C2F)F)F)F,673
C12(C(C(C(C(C1(F)F)(F)F)(F)F)(F)F)(C(C(C(C2(F)F)(F)F)(F)F)(F)F)F)F,565
C1(=C(C(=C(C(=C1F)F)F)F)F)C2=C(C(=C(C(=C2F)F)F)F)F,640
C(#N)C(F)(F)F,311.1
C(C(F)F)N(C(F)(F)F)C(F)(F)F,460.2
C(C(N(C(C(C(F)(F)F)(F)F)(F)F)C(C(C(F)(F)F)(F)F)(F)F)(F)F)(C(F)(F)F)(F)F,524
C(C(C(F)(F)F)(F)F)(C(N(C(C(C(C(F)(F)F)(F)F)(F)F)(F)F)C(C(C(C(F)(F)F)(F)F)(F)F)(F)F)(F)F)(F)F,565.4
COC(F)(F)F,377.92
C(=O)(C(F)(F)F)C(F)(F)Cl,410.6
C1(C(OC1(F)F)(F)F)(F)F,361.9
C1(C(O1)(F)F)(C(F)(F)F)F,359.6
C1(C(OC(O1)(F)F)(F)F)(F)F,368.1
C(C(F)(F)F)(OC(F)(F)F)F,377.26
C(C(OC(F)(F)F)(F)F)(F)F,387.8
C(C(F)(F)F)OC(F)(F)F,401.9
C(C(F)(F)F)(OC(F)F)F,428.9
C(C(C(F)F)(F)F)O,553.6
C1(C(C(OC1(F)F)(F)F)(F)F)(F)F,400
C(C(OC(F)(F)F)(F)F)(C(F)(F)F)(F)F,391.7
C(C(F)(F)F)OC(C(F)F)(F)F,463.89
C(C(F)(F)F)OCC(F)(F)F,476.31
C(=O)(C(C(C(C(F)(F)F)(F)F)(F)F)(F)F)F,427
C(=O)(C(C(C(C(F)(F)F)(F)F)(F)F)(F)F)O,545.6
C(C(=O)C(F)(F)F)C(=O)C(F)(F)F,485.1
C(C(C(F)(F)F)(OC(F)(F)F)F)C(F)(F)F,447.4
CC(=O)C(C(F)(F)F)(C(F)(F)F)F,467.64
C(C(F)(F)F)OC(C(C(F)(F)F)F)(F)F,475.74
C(C(C(C(C(F)(F)F)(F)F)(F)F)(F)F)O,521.4
C(C(C(F)(F)F)(F)F)OC(C(F)F)(F)F,473.01
C(C(C(C(C(F)F)(F)F)(F)F)(F)F)O,571.2
C(C(C(F)F)(F)F)OC(C(F)F)(F)F,510.07
CCC(=O)C(C(F)(F)F)(F)F,475.54
C(C(C(F)(F)F)(F)F)OC(C(C(F)(F)F)F)(F)F,486.48
COC(=O)C(C(C(C(F)F)(F)F)(F)F)(F)F,559
C(C(C(F)F)(F)F)OC(C(C(F)(F)F)F)(F)F,507.6
C(=O)(C(C(C(C(C(C(F)(F)F)(F)F)(F)F)(F)F)(F)F)(F)F)Cl,519.8
C(C(C(C(C(C(C(F)(F)F)(F)F)(F)F)(F)F)(F)F)(F)F)O,554.7
C(C(C(C(C(C(C(F)F)(F)F)(F)F)(F)F)(F)F)(F)F)O,589
C(C(C(C(C(F)F)(F)F)(F)F)(F)F)OC(C(F)F)(F)F,546.8
CC(C)(C(C(C(C(F)F)(F)F)(F)F)(F)F)O,589.4
C1(C(C(OC1(C(C(C(C(F)(F)F)(F)F)(F)F)(F)F)F)(F)F)(F)F)(F)F,500.2
C1=CC=C(C=C1)OC(C(F)F)(F)F,603.8
CCOC(=O)C(C(C(C(C(C(F)F)(F)F)(F)F)(F)F)(F)F)(F)F,575.6
C(F)(F)(F)S(F)(F)(F)(F)F,381.2
CC(C)CCON=O,476.8
CCC/C=C\C,513.4
C(CO)COCCCO,705
C(CCCCCC(=O)O)CCCCC(=O)O,859
C(CCCCCCC(=O)O)CCCCCC(=O)O,862
COC(=O)CC(=O)OC,646
COC(=O)CCCC(=O)OC,682
COC(=O)CCCCC(=O)OC,692
COC(=O)CCCCCC(=O)OC,711
CCOC(=O)CCCC(=O)OCC,683
COC(=O)CCCCCCC(=O)OC,723
CCOC(=O)CCCCC(=O)OCC,696
COC(=O)CCCCCCCCC(=O)OC,742
C1=CC=C(C=C1)CCCCO,746
C1=CC=C(C=C1)CC(=O)O,766
CC1=CC(=CC=C1)C(=O)O,771
C1=CC=C(C=C1)CCC(=O)O,776
C1=CC=C(C=C1)CCCC(=O)O,783
C1=CC=C(C=C1)CCCCCC(=O)O,794
C1=CC=C(C=C1)CCCCCCC(=O)O,798
CCCCCOC(=O)C1=CC=CC=C1,736
CCCCCCOC(=O)C1=CC=CC=C1,748
C(=C/F)\C(F)(F)F,382.4
C(=C\F)\C(F)(F)F,423.3
